5; I'M ALIVE --Hard--;36.630686761752536
6; HIGH ENERGY (John '00' Fleming Remix) --Hard--;36.630686761752536
6; MY BABY MAMA --Hard--;36.630686761752536
6; NONSTOP A --Hard--;36.630686761752536
6; NONSTOP D --Hard--;36.630686761752536
6; TEMPLE OF LOVE --Hard--;36.630686761752536
7; DREAM A DREAM (MIAMI BOOTY MIX) --Hard--;36.630686761752536
7; DRILL INSTRUCTOR (C-Jah Happy Mix) --Hard--;36.630686761752536
7; GET OFF --Hard--;36.630686761752536
7; GET UP'N MOVE --Hard--;36.630686761752536
7; I DON'T WANT TO MISS A THING (PLANET LUTION MIX) --Hard--;36.630686761752536
7; I'M ALIVE --Hard--;36.630686761752536
7; KISS ME (KCP REMIX) --Hard--;36.630686761752536
7; NONSTOP B --Hard--;36.630686761752536
7; NONSTOP E --Hard--;36.630686761752536
7; STRUT YOUR FUNKY STUFF --Hard--;36.630686761752536
7; TOGETHER & FOREVER --Hard--;36.630686761752536
7; TYPICAL TROPICAL --Hard--;36.630686761752536
8; CLUB TROPICANA --Hard--;36.630686761752536
8; FREAKY --Hard--;36.630686761752536
8; KUNG FU FIGHTING (MIAMI BOOTY MIX) --Hard--;36.630686761752536
8; LOVE MACHINE --Hard--;36.630686761752536
8; NONSTOP C --Hard--;36.630686761752536
8; NONSTOP F --Hard--;36.630686761752536
8; NONSTOP G --Hard--;36.630686761752536
8; SAMBA DE JANEIRO --Hard--;36.630686761752536
8; THAT'S THE WAY '98 --Hard--;36.630686761752536
8; TOGETHER & FOREVER --Hard--;36.630686761752536
4; ICE ICE BABY --Challenge--;37.89177984627625
7; 5.1.1. --Hard--;38.266169241741686
8; in love wit you --Hard--;38.30031196909829
5; DAM DARIRAM --Challenge--;38.96257961341396
7; Maji LOVE 1000% --Challenge--;39.03529299375146
5; Boys (2008 X-edit) --Challenge--;39.11824690479872
6; Be in my paradise --Hard--;39.294061882751244
6; BABY BABY GIMME YOUR LOVE --Hard--;39.390260670927205
8; Love Again --Hard--;39.58970001660633
7; BALLAD FOR YOU --Hard--;39.590187187821364
4; Butterfly (2008 X-edit) --Challenge--;39.638252207735505
7; I'll Make Love To You --Hard--;39.85420858930952
7; LOVE --Hard--;39.87622248800746
8; D2R(FREEZE Special) --Challenge--;39.913927374437996
6; dream of love --Hard--;40.035482151034046
10; oarfish --Hard--;40.07206649410237
6; e-motion --Hard--;40.121756548163376
6; FEELS JUST LIKE IT SHOULD --Hard--;40.13452418987889
8; BALLAD THE FEATHERS (Chinese) --Challenge--;40.201226090991824
8; BALLAD THE FEATHERS --Challenge--;40.201226090991824
6; TUBTHUMPING --Hard--;40.30606088016903
7; DAFT PUNK IS PLAYING AT MY HOUSE --Challenge--;40.308218414375936
6; peace-out --Hard--;40.314504316040235
8; ICE ICE BABY --Hard--;40.39404889782449
4; LET THEM MOVE --Hard--;40.462881053849415
8; Tabibito --Hard--;40.4658836829455
7; DUB-I-DUB (2008 X-edit) --Challenge--;40.55386950802624
8; Heatstroke --Challenge--;40.585943989143004
5; Remember You --Hard--;40.63113147981032
7; only my railgun --Challenge--;40.64206346870752
9; The Island Song --Hard--;40.68026210690391
6; IF YOU WERE HERE --Challenge--;40.783760714258925
6; THE 7 JUMP --Hard--;40.85743901386175
7; PINK DINOSAUR --Hard--;40.8772833851971
9; Everything I Need --Hard--;40.891927119521974
7; ONLY YOU --Hard--;40.9513959875887
9; Summer Fairytale --Hard--;40.99290953255921
7; Dark Black Forest (short trip) --Hard--;40.99437382362095
7; THE SHINING POLARIS --Hard--;41.010195277513475
10; You --Hard--;41.05833102240065
8; Choo Choo TRAIN --Hard--;41.098729756958186
7; Last Message --Challenge--;41.118291950139614
6; MODERN GIRL --Hard--;41.27665744965671
7; SO IN LOVE --Hard--;41.30000462301318
6; Let's talk it over --Hard--;41.33055568137478
8; AIN'T NO MOUNTAIN HIGH ENOUGH --Hard--;41.33681724919194
9; Slip Out --Hard--;41.34581417550463
9; Take A Chance --Hard--;41.34895943989345
4; 20,NOVEMBER(D.D.R.Version) --Hard--;41.37767231474491
7; You Leave Me Alone --Hard--;41.382652937598166
7; GOTCHA (The Theme From STARSKY & HUTCH) --Hard--;41.451494564493416
8; Feel Good Inc --Hard--;41.45734659077767
10; Slip Out (bounce in beat mix) --Hard--;41.55135456957192
7; DOESN'T REALLY MATTER --Hard--;41.5536487326341
5; AFTER THE GAME OF LOVE --Hard--;41.566657911578986
7; My Favorite Things --Hard--;41.57511942015582
7; Don't stop! (AMD 2nd MIX) --Hard--;41.5859667446085
7; I Like To Move It --Hard--;41.59836584632113
7; Shine --Hard--;41.61025229441469
6; 1,2,3,4, 007 --Hard--;41.676797695987275
7; WILD RUSH (FROM NONSTOP MEGAMIX) --Challenge--;41.68129925106245
9; Dance Floor --Hard--;41.73192190221391
7; Take It To The Morning Light (Extended Vocal) --Hard--;41.80623068286964
6; XANADU --Hard--;41.823182965213825
6; GIRL IN A DAYDREAM --Hard--;41.89491097776609
7; WE WILL ROCK YOU --Hard--;41.89610385297404
7; MORE THAN I NEEDED TO KNOW --Hard--;41.91478321762328
6; HERO --Hard--;42.04403017261601
7; Let the beat hit em! --Hard--;42.049209124404676
7; Let the beat hit em! (BM IIDX version) --Hard--;42.050686903230854
8; Taking It To The Sky --Hard--;42.12321280406713
7; FAINT --Hard--;42.125707742522664
7; Do It Right(Harmonized 2Step Mix) --Hard--;42.13496626961552
6; KEEP ON MOVIN' --Hard--;42.13806842771507
7; WE ARE THE CHAMPIONS (Factory Team Remix) --Hard--;42.19669997928666
7; EL RITMO TROPICAL --Hard--;42.20436300278164
7; Beautiful Life --Hard--;42.20727155571836
6; PEACE(^^)v --Hard--;42.21660507176229
7; STAY(Organic house Version) --Hard--;42.22348267451932
7; A LOVE LIKE THIS --Hard--;42.225850778598684
7; MR.DABADA (Groove Wonder Remix) --Hard--;42.28233897768436
8; Jam Jam Reggae --Hard--;42.28565956762773
10; Be your wings --Hard--;42.2926377652317
8; A Brighter Day --Hard--;42.33218387594084
7; I'M FOR REAL --Hard--;42.354903441643714
8; Make Me Cry --Hard--;42.372117449308384
9; Everytime We Touch --Hard--;42.394906478141834
6; PUT YOUR FAITH IN ME --Hard--;42.39842111375829
9; Lift You Up --Hard--;42.452926352372586
7; SHAKE YOUR BOOTY --Hard--;42.4534834786547
6; SO MANY MEN --Hard--;42.47351793319593
7; Kind Lady --Hard--;42.50633960290785
6; HERO (KCP DISCOTIQUE MIX) --Hard--;42.51442518036849
7; Look To The Sky(True Color Mix) --Hard--;42.515235576712406
7; Hunting for you --Hard--;42.52466858193804
7; Silent Hill(3rd christmas mix) --Challenge--;42.52767907886175
12; Freeze --Challenge--;42.54181358169736
10; EZ DO DANCE --Hard--;42.57669547997435
9; only my railgun --Hard--;42.60369895764282
7; SKY HIGH --Hard--;42.61474720218518
7; INSERTiON (Machine Gun Kelly Mix) --Hard--;42.61780562843484
10; Beautiful Inside (Cube Hard Mix) --Hard--;42.623741442412694
9; Hide-away --Hard--;42.635905561509276
9; Nagisano koakuma Lovely Radio --Challenge--;42.64950161714548
5; CUTIE CHASER(MORNING MIX) --Hard--;42.70574613331241
7; air --Hard--;42.70993477407044
6; HOLIDAY --Hard--;42.712441714762114
10; more more more --Hard--;42.72460789539295
6; IT ONLY TAKES A MINUTE (Extended Remix) --Hard--;42.75395242797395
6; PUT YOUR FAITH IN ME (Jazzy Groove) --Hard--;42.76711637982174
9; Till the lonely's gone --Hard--;42.79689710802779
7; 20,november --Hard--;42.813521718002995
6; FANTASY --Hard--;42.82251372155183
6; WILD RUSH --Hard--;42.826843340603624
7; Vem brincar --Hard--;42.83532097994657
8; Pink Rose --Hard--;42.85373232322114
7; IF YOU WERE HERE --Hard--;42.89583201561548
9; Maji LOVE 1000% --Hard--;42.90277537782163
5; BAD GIRLS --Hard--;42.93291072662924
8; 30 Lives (Up-Up-Down-Dance Mix) --Hard--;42.9585263767586
7; Every Day, Every Night(NM STYLE) --Hard--;42.98367751340235
7; SURRENDER(YOUR LOVE) --Hard--;42.99341278753949
7; cachaca --Hard--;43.04777409162867
9; Bonafied Lovin' --Hard--;43.065812506810026
9; Put 'Em Up --Hard--;43.09073201076022
8; real-high-SPEED --Hard--;43.10650390255309
8; HERO --Challenge--;43.108433322244835
5; think ya better D --Hard--;43.116667873981505
7; Star Gate Heaven --Hard--;43.126313236932916
7; LA COPA DE LA VIDA --Hard--;43.1446424593958
7; LOVE AT FIRSTSIGHT(TwinMasterplan Mix) --Hard--;43.17064143530676
7; OVERBLAST!! --Hard--;43.18712873018812
6; Under the Sky --Hard--;43.21283493310423
7; MR. WONDERFUL --Hard--;43.21495419126622
9; Big Girls Don't Cry --Hard--;43.2291216058402
6; DON'T CLOCK ME --Hard--;43.237464438570576
8; MAKE IT BETTER (So-REAL Mix) --Hard--;43.23810640380984
7; GET UP AND DANCE --Hard--;43.25381744205894
7; OH NICK PLEASE NOT SO QUICK --Hard--;43.25838545687266
6; HIGHER --Hard--;43.272202592362426
7; BE TOGETHER --Hard--;43.294163468181075
7; BOYS --Hard--;43.307347625872964
7; AM-3P (303 BASS MIX) --Hard--;43.30837208235294
10; Party Lights --Hard--;43.33272727978101
7; JERK IT OUT --Hard--;43.33678218247333
8; Always on My Mind --Hard--;43.34035676717734
8; LOGICAL DASH --Hard--;43.34875845320941
10; Boys (2008 X-edit) --Hard--;43.34985515524982
9; Crazy Control --Hard--;43.35572328536358
7; MAKE A JAM! --Hard--;43.35971221239341
7; Dr. LOVE --Hard--;43.373043861467316
7; GET UP (BEFORE THE NIGHT IS OVER) --Hard--;43.39548954524509
6; BOOM BOOM DOLLAR --Hard--;43.44461610346754
7; LONG TRAIN RUNNIN' --Hard--;43.45651547163685
7; Secret Rendez-vous --Hard--;43.46459966678577
7; PUT YOUR FAITH IN ME(SATURDAY NIGHT MIX) --Hard--;43.46669185808777
7; BRILLIANT 2U(Orchestra-Groove) --Hard--;43.4789085720853
8; Sandstorm --Hard--;43.53481178561646
12; Freeze --Hard--;43.5371142170853
8; HAVE YOU NEVER BEEN MELLOW --Hard--;43.55541996199642
11; Sky Is The Limit --Hard--;43.55897986377994
8; SUNRISE(JASON NEVINS REMIX) --Hard--;43.56323396033153
11; Shine --Challenge--;43.58821409373668
7; CUTIE CHASER --Hard--;43.601220383684705
10; Heatstroke --Hard--;43.62354633743019
10; BALLAD THE FEATHERS (Chinese) --Hard--;43.6265233702094
10; BALLAD THE FEATHERS --Hard--;43.6265233702094
9; We've Got To Make It Tonight --Hard--;43.63453919321593
8; TRANCE DE JANEIRO (SAMBA DE JANEIRO 2002 Epic Vocal Remix) --Hard--;43.65929957842807
10; IF YOU WERE HERE --Hard--;43.659749647346885
7; CENTERFOLD(130BPM move it remix) --Hard--;43.74406667101066
9; Feel --Hard--;43.780377064791836
6; EAT YOU UP --Hard--;43.78305706070413
7; LONG TRAIN RUNNIN' --Hard--;43.79587610986752
6; GOLDEN SKY --Hard--;43.80173377920783
7; Happy Wedding --Hard--;43.841483887727044
7; NOTHING GONNA STOP (Dance Mania Mix) --Hard--;43.87040134416175
7; never let you down --Hard--;43.87775530345499
6; My Only Shining Star --Hard--;43.882783389112745
8; Jam & Marmalade --Hard--;43.89400487765363
7; Young Forever --Hard--;43.897824095831695
7; BAILA! BAILA! --Hard--;43.89841980875221
10; DAFT PUNK IS PLAYING AT MY HOUSE --Hard--;43.90897754028856
7; Electrified --Hard--;43.9099705478929
10; SEKAI HA ODORU --Hard--;43.915852692003156
11; Hoping To Be Good --Hard--;43.920541813750454
7; NIGHT IN MOTION --Hard--;43.927385592144155
10; BRIGHT STREAM --Hard--;43.93601503454698
11; dirty digital --Hard--;43.93721038120262
7; CAFE --Hard--;43.94319350745993
7; GRADUATION --Hard--;43.97103804805502
8; DUB-I-DUB --Hard--;43.97660770927213
7; NEVER GONNA MAKE (FACTORY DANCE TEAM MIX) --Hard--;43.977046166096734
7; Miracle Moon(L.E.D.LIGHT STYLE MIX) --Hard--;43.990413082546084
8; MAXIMUM OVERDRIVE (KC Club Mix) --Hard--;44.00743103679604
6; CAN'T STOP FALLIN' IN LOVE (super euro version) --Hard--;44.01855184284284
7; LOVE LOVE SUGAR --Hard--;44.05771024196329
10; Theory of Eternity --Challenge--;44.067246085401976
6; SMOKE --Hard--;44.07409916721829
9; MATSURI (J-SUMMER MIX) --Hard--;44.089404630090215
8; TIERRA BUENA --Hard--;44.13464157844838
7; BUMBLE BEE --Hard--;44.14146769525758
7; MOBO MOGA --Hard--;44.16072485310182
8; I believe in miracles --Hard--;44.17276368580271
7; DREAM A DREAM --Hard--;44.18486462965049
6; BRILLIANT 2U --Hard--;44.21234927494115
6; 17SAI --Hard--;44.22243152796612
7; DA CAPO --Hard--;44.23182370606355
7; KAGEROW (Dragonfly) --Hard--;44.251445935810374
6; SWING IT --Hard--;44.27091566340364
7; BRILLIANT 2U(K.O.G G3 MIX) --Challenge--;44.27291739350863
8; LOVE THIS FEELIN' --Hard--;44.28252021498611
10; Swingin' --Hard--;44.31306188618151
8; Shades of Grey --Hard--;44.3286548015413
8; Get me in your sight (AMD CANCUN MIX) --Hard--;44.38218609350608
10; Happy --Hard--;44.39222700704463
8; AM-3P --Hard--;44.40637377152992
9; Chance and Dice --Hard--;44.41514833905784
7; DANCING ALL ALONE --Hard--;44.46286401835944
7; DYNAMITE RAVE(Down Bird SOTA Mix) --Hard--;44.47326439485534
7; Silent Hill --Hard--;44.495879687768685
7; SO FABULOUS SO FIERCE (FREAK OUT) --Hard--;44.503219779983986
8; I DO I DO I DO --Hard--;44.506095772978995
7; AM-3P(AM EAST mix) --Challenge--;44.54402251693598
7; WHAT A WONDERFUL WORLD --Hard--;44.55978252765652
6; MY GENERATION (Fat Beat Mix) --Hard--;44.569210864395714
7; Quick Master --Hard--;44.60935013242879
6; IF YOU CAN SAY GOODBYE --Hard--;44.621618792749935
7; Morning Glory --Hard--;44.63065029651716
7; HYPER EUROBEAT --Hard--;44.68581552750008
9; HERO --Hard--;44.70239479618215
7; A MINUTE (EXTENDED MIX) --Hard--;44.70844095966148
8; celebrate --Hard--;44.76794808938712
7; MY SUMMER LOVE(TOMMY'S SMILE MIX) --Challenge--;44.81080737344199
8; B4U(B4 ZA BEAT MIX) --Challenge--;44.81369740357898
6; GIMME GIMME GIMME --Hard--;44.83496433812546
7; THE CUBE --Hard--;44.85934366616557
8; L'amour et la liberte(DDR ver.) --Hard--;44.86499964680666
9; someday --Hard--;44.89652177120809
9; HYPNOTIC CRISIS --Hard--;44.899221212434064
7; ODORU PONPOKOLIN --Hard--;44.901273589744434
12; Seiten Bon Voyage --Hard--;44.90774522751171
11; Decade --Hard--;44.91964005124599
10; south --Challenge--;44.92314674410856
9; MY SUMMER LOVE --Hard--;44.92554036955328
7; MUSIC --Hard--;44.9445253224668
10; south --Hard--;44.95796569860691
10; Tsukematsukeru --Hard--;44.97815696488376
10; Tsukematsukeru --Challenge--;44.98760245202452
8; CENTAUR --Hard--;44.99911603466427
9; Suki Melo --Hard--;45.00908547523298
9; Inspiration --Hard--;45.06125169832222
7; LOOK AT US (Daddy DJ Remix) --Hard--;45.06734043302011
12; iFUTURELIST (Chinese) --Hard--;45.06965071846813
8; SP-TRIP MACHINE(JUNGLE MIX) --Hard--;45.07383903718115
7; Colors (for EXTREME) --Hard--;45.09739981819405
8; switch --Hard--;45.15042397483332
7; WONDERLAND (UKS MIX) --Hard--;45.18009165064199
7; TEST MY BEST --Hard--;45.198753064777925
10; Taj He Spitz --Hard--;45.22469644173924
7; Baby's Tears --Hard--;45.26967789278079
9; Trickster --Hard--;45.27806800904728
7; Freeway Shuffle --Hard--;45.300009834133185
8; SANA MOLLETE NE ENTE --Hard--;45.30348365959305
8; INNOCENCE OF SILENCE --Hard--;45.30937747157167
9; i feel... --Hard--;45.33406431436988
6; HOLD ON ME --Hard--;45.33838563749211
7; GORGEOUS 2012 --Hard--;45.34075540691654
11; Time After Time --Hard--;45.35494455027982
8; stealth --Hard--;45.366105597281376
8; Ska Ska No.3 --Hard--;45.37636206403817
7; WALKIE TALKIE --Hard--;45.382607561909154
10; Blue Rain --Hard--;45.38562598693213
11; Starry HEAVEN --Hard--;45.39205161362525
8; Trust -DanceDanceRevolution mix- --Hard--;45.40517194306044
8; Poseidon --Hard--;45.44191490204171
7; .59 --Hard--;45.44638814618215
8; GENOM SCREAMS --Hard--;45.458602958116906
7; AGAINST ALL ODDS (Definitive MIX) --Hard--;45.468078042247576
12; Confession --Hard--;45.4708343026535
6; DYNAMITE RAVE(AIR Special) --Challenge--;45.48544170609088
8; DYNAMITE RAVE (AIR Special) --Challenge--;45.48544170609088
8; BLUE IMPULSE(for EXTREME) --Hard--;45.494728807488045
8; MOVIN ON (Extended Moon Mix) --Hard--;45.49967944068318
8; Gamelan de Couple --Hard--;45.508740263749026
7; GIVE ME UP --Hard--;45.5228189305877
11; will --Hard--;45.53066893429099
11; Sucka Luva --Hard--;45.53426170567652
10; All My Love --Hard--;45.567657170937714
10; U Can't Touch This --Hard--;45.586405815114446
7; Gekkou chou --Hard--;45.59546242255951
7; Stomp to my beat --Hard--;45.59987148293146
7; HIGHER(next morning mix) --Challenge--;45.60230851532514
11; NIJIIRO (Chinese) --Hard--;45.60262656940845
11; TRIP MACHINE(X-Special) --Challenge--;45.616684164453574
8; NIJIIRO --Hard--;45.62016443755886
8; KISS KISS KISS --Hard--;45.62168450174738
7; White Lovers --Hard--;45.62445820236462
7; STARS(Re-tuned by HAL)-DDR EDITION- --Hard--;45.669325326180136
7; NEVER ENDING STORY (Power Club Vocal Mix) --Hard--;45.670901482101506
12; THE REASON --Hard--;45.675088934030185
8; VOL.4 --Hard--;45.68149156916043
10; Orion wo nazoru --Hard--;45.71133800990353
10; Back In Your Arms --Hard--;45.7467365007957
8; TwinBee(Generation X) --Hard--;45.76885514992106
8; LET'S GET DOWN --Hard--;45.77561123214104
11; La receta --Hard--;45.81685369698545
11; LOVING YOU (Epidemik remix) --Hard--;45.84004873550773
11; Burst The Gravity --Hard--;45.84139233206272
7; ECSTASY --Hard--;45.867364118577676
11; Dream Machine --Hard--;45.868937308391395
8; Bloody Tears (IIDX EDITION) --Hard--;45.872979599179104
7; ONE TWO (LITTLE BITCH) --Hard--;45.88522225679656
8; DYNAMITE RAVE (super euro version) --Hard--;45.90636514696275
10; ETERNITY --Hard--;45.94228038713737
11; Orenai Heart --Hard--;45.95272985553278
10; escape --Hard--;45.95866102352283
13; iFUTURELIST (Chinese) --Challenge--;45.974639671199604
11; SUPER EUROBEAT (GOLD MIX) --Hard--;45.98831143672439
7; TOXIC (FT company Edit) --Hard--;45.99014352963661
6; RIGHT NOW --Hard--;45.99233858327116
10; TWINKLE HEART --Challenge--;46.00622150929166
8; JUPITER The Bringer of Jollity --Hard--;46.017161039877884
7; Last Message --Hard--;46.022334232556666
7; CANDY --Hard--;46.03420843683163
7; IT'S RAINING MEN (Almighty Mix) --Hard--;46.03525395773831
8; KEEP ON MOVIN' (DMX Mix) --Hard--;46.0542331709259
10; Tracers (4Beat Remix) --Hard--;46.05861286064754
7; Mr.T. (take me higher) --Hard--;46.070345634184335
10; Ticket To Bombay --Hard--;46.07463514982855
8; A thing called LOVE --Hard--;46.079332317912524
7; STILL IN MY HEART --Hard--;46.07983289759083
7; SHOOTING STAR --Hard--;46.08927625068977
7; SUPER STAR (FROM NONSTOP MEGAMIX) --Challenge--;46.0897947651104
8; Jam Jam Reggae --Hard--;46.09565154067653
8; DAM DARIRAM --Challenge--;46.10296402403006
12; Diamond Night --Hard--;46.11206241022466
7; Abyss --Hard--;46.14442209750742
7; DROP THE BOMB (SySF. Mix) --Hard--;46.14853067313332
9; Koko Soko --Hard--;46.18867848197252
8; La Senorita --Hard--;46.19643336272067
8; Heaven is a '57 metallic gray(gimmix) --Hard--;46.203149802511426
7; HYSTERIA 2001 --Challenge--;46.20820845271931
7; I Was The One --Hard--;46.23485092876884
8; THE REFLEX --Hard--;46.25068697891686
7; IN THE HEAT OF THE NIGHT --Hard--;46.253949032626586
7; OPERATOR --Hard--;46.27952838046342
8; Two Months Off --Hard--;46.280639480881675
10; bag --Hard--;46.28517686299706
7; BURNIN' THE FLOOR(BLUE FIRE mix) --Challenge--;46.307138027948646
7; Fly away --Hard--;46.319304845381
7; Raspberry Heart (English version) --Hard--;46.324056102778506
8; XANADU --Hard--;46.33897486027962
10; Gotta Dance --Hard--;46.3681715450517
7; MOON --Hard--;46.40210148969268
12; Top The Charts --Hard--;46.406052916097345
10; We Come Alive --Hard--;46.419324028676535
11; Sacred Oath --Hard--;46.4315617169367
8; CELEBRATE NITE(EURO TRANCE STYLE) --Challenge--;46.43185033943036
7; SEXY PLANET --Hard--;46.436404745075265
8; OPERATOR --Hard--;46.489914216812856
7; BRILLIANT 2U --Hard--;46.51935437506947
11; Reach Up --Hard--;46.53463879059832
8; DAM DARIRAM --Hard--;46.53746437080457
11; DUB-I-DUB (2008 X-edit) --Hard--;46.555496482897354
8; DO IT ALL NIGHT --Hard--;46.56096186679903
7; CURUS --Hard--;46.561774447884424
11; Leaving --Hard--;46.57738941530504
11; Leaving... (Chinese) --Hard--;46.57738941530504
8; CALICO CAT ROCK --Hard--;46.6127773318436
11; Butterfly (2008 X-edit) --Hard--;46.637843387014605
8; GET UP'N MOVE --Hard--;46.63940953459064
8; Spin the disc --Hard--;46.644108456205764
7; DYNAMITE RAVE(B4 ZA BEAT MIX) --Challenge--;46.65250869964794
8; LA BAMBA --Hard--;46.68364736090633
11; Dazzlin' Darlin --Hard--;46.68592419688198
12; Crazy Control --Challenge--;46.69327929067583
9; rain of sorrow --Hard--;46.70823403856345
7; UPSIDE DOWN --Hard--;46.70962641330918
9; DROP OUT(FROM NONSTOP MEGAMIX) --Challenge--;46.7123562333549
8; NA-NA --Hard--;46.71712898241976
10; smooooch --Challenge--;46.723926597981446
8; IN THE NAVY '99 (XXL Disaster Remix) --Hard--;46.73495877722295
8; Tino's White Horse --Hard--;46.807607585449865
8; ANGELUS --Hard--;46.81717732704959
8; ROCK BEAT --Hard--;46.8245698169315
6; DROP THE BOMB --Hard--;46.82774255485697
10; sakura storm --Hard--;46.849270324850686
8; Mugen --Hard--;46.850767532059955
11; TENSHI --Hard--;46.895574323229795
7; LIVING IN AMERICA --Hard--;46.90938702208512
7; R3 --Hard--;46.91148216085072
8; KISS ME ALL NIGHT LONG --Hard--;46.946102641499
11; Dance Celebration --Hard--;46.94621075083913
11; A Geisha's Dream --Hard--;46.94650822402673
7; BURNIN' THE FLOOR --Hard--;46.948595870187866
7; I'm gonna get you! --Hard--;46.95450115674792
11; GET UP'N MOVE (2008 X-edit) --Hard--;46.977066868345545
10; Dummy --Hard--;46.985611903500455
8; VANITY ANGEL --Hard--;47.03703571637034
8; ABSOLUTE --Hard--;47.03917242550549
12; Ah La La La --Hard--;47.05477392042621
6; MOONLIGHT SHADOW (New Vocal Version) --Hard--;47.06296416305679
11; TWINKLE HEART --Hard--;47.07326005106278
8; L'amour et la liberte (Darwin & DJ Silver remix) --Hard--;47.10946765346966
10; Ghetto Blasta Deluxe --Hard--;47.11053819753296
8; Burn Baby Burn --Hard--;47.1238985252794
7; SEXY PLANET (FROM NONSTOP MEGAMIX) --Challenge--;47.14825722810817
11; Playa (Original Mix) --Hard--;47.15838832870007
8; CONGA FEELING --Hard--;47.173677304278335
8; gentle stress(SENSUAL MIX) --Hard--;47.17695836652295
11; WILD SIDE --Hard--;47.17775948464395
8; gentle stress (SENSUAL MIX) --Hard--;47.17893591604569
8; DUB-I-DUB --Hard--;47.195663650092726
8; Why not --Hard--;47.2660475048155
11; Melody Life (Chinese) --Challenge--;47.28349191570918
11; Melody Life --Challenge--;47.28349191570918
7; TURN ME ON (HEAVENLY MIX) --Hard--;47.28587571136178
12; Taj He Spitz (Tommie Sunshine's Brooklyn Fire Re-Touch) --Hard--;47.286260946093016
10; Flourish --Hard--;47.28768575471263
8; SUPER STAR --Hard--;47.29279083101549
12; Tell me what to do --Hard--;47.29467464235757
13; Right on time (Ryu Remix) --Challenge--;47.32513126173917
11; CAPTAIN JACK (GRANDALE REMIX) --Challenge--;47.32521631310931
7; MATSURI JAPAN (FROM NONSTOP MEGAMIX) --Challenge--;47.35639056484403
8; JET WORLD --Hard--;47.40174578351227
8; Flow --Hard--;47.41778675770554
7; LOVE AGAIN TONIGHT (ForMelissaMIX) --Hard--;47.42723553032929
7; THE WHISTLE SONG (Blow My Whistle Baby) --Hard--;47.42909253606479
8; VOL.4 --Hard--;47.4490488918388
8; Stomp to my beat --Hard--;47.4528359254697
11; DAM DARIRAM --Hard--;47.463176271597476
11; DROP --Hard--;47.50403449216604
8; TRIP MACHINE(luv mix) --Hard--;47.5227667403267
8; Flow(true style) --Hard--;47.52324370064054
7; 1998 --Hard--;47.52495748831959
8; DO IT ALL NIGHT --Hard--;47.608371556728365
13; Dance Celebration (System 7 Remix) --Hard--;47.6337044095625
7; LOVE LOVE SHINE --Hard--;47.64507570419121
7; feeling of love --Hard--;47.659706552229544
10; Rin To Shite Saku Hana No Gotoku --Hard--;47.66424040873587
13; dirty digital --Challenge--;47.71493127421648
8; sync(EXTREME version) --Hard--;47.71914812445148
7; Make Your Move --Hard--;47.737620479157435
9; Electro Tuned(the SubS mix) --Hard--;47.763717021625006
7; CELEBRATE NITE --Hard--;47.79836287503548
7; HONEY PUNCH --Hard--;47.820140065126196
7; murmur twins --Hard--;47.846224372899314
10; PORIRIZUMU --Hard--;47.8594619049231
8; ever snow --Hard--;47.874640383616104
12; JoJo ~Sono Chi no Sadame~ --Hard--;47.91153257527159
8; HYSTERIA --Hard--;47.92016088110067
8; B4U --Hard--;47.94558998906331
12; You are a Star --Hard--;47.95912026808233
7; JANEJANA --Hard--;47.96351172518149
13; La receta --Challenge--;47.987010486757825
8; CAN'T STOP FALLIN' IN LOVE --Hard--;48.000235716252156
11; Wow Wow VENUS --Hard--;48.007122153058155
8; Radical Faith --Hard--;48.09681085692398
13; heron --Challenge--;48.15859118425995
7; rainbow rainbow --Hard--;48.16148426425731
14; Dance Dance Revolution (X-Special) --Challenge--;48.18745472534025
8; WOOKIE WOOKIE --Hard--;48.22173127557501
8; DO ME (H.I.G.E.O. MIX) --Hard--;48.22299100222595
9; LOVE --Hard--;48.226295932397974
11; INTO YOUR HEART (Ruffage remix) --Hard--;48.29502698110329
11; Mickey Mouse March(Eurobeat Version) --Hard--;48.29685795876443
8; Votum stellarum -forest #25 DDR RMX- --Hard--;48.345956553339924
10; Here It Goes Again --Hard--;48.37516330488742
8; FLASHDANCE (WHAT A FEELING) --Hard--;48.38836022027957
8; FLASHDANCE (WHAT A FEELING) --Hard--;48.38836022027957
11; GOLD RUSH (AC) --Hard--;48.41378023515556
11; GOLD RUSH (CS) --Hard--;48.41378023515556
11; GOLD RUSH --Hard--;48.41378023515556
8; MAGIC DOOR(Theme of SPACE MACO) --Hard--;48.44298262724579
7; D2R --Hard--;48.4560934372639
7; THE RACE --Hard--;48.50750749451335
8; DRIFTING AWAY --Hard--;48.51623264877085
7; KICK THE CAN --Hard--;48.533611032062495
12; Desert Journey --Hard--;48.5491558137682
9; Dance Dance Revolution --Hard--;48.55489331989187
13; The Island Song --Challenge--;48.558600402411976
7; DESTINY --Hard--;48.59795790582327
8; HANA RANMAN (Flowers) --Hard--;48.613128078209044
11; She is my wife --Hard--;48.66378321029001
11; U-u-uma uma (Speedcake Remix) --Hard--;48.68150205682598
8; 321STARS --Hard--;48.69122816923085
11; THIS NIGHT --Hard--;48.70412498604352
9; Burning Heat!(3 Option Mix) --Hard--;48.71554900630906
8; Uranus --Hard--;48.78717503489452
8; TRIBAL DANCE (ALMIGHTY MIX) --Hard--;48.829197946258645
8; THEME FROM ENTER THE DRAGON (notorious mix) --Hard--;48.83783345055104
11; resonance --Hard--;48.87410206996177
10; Venus --Hard--;48.91261697620429
8; A --Hard--;48.926404614747774
8; Across the nightmare --Hard--;48.94173916912847
7; HAVE YOU NEVER BEEN MELLOW (MM GROOVIN MIX) --Hard--;48.96296316497541
7; La Bamba --Hard--;48.962983899732315
9; KAKUMEI --Hard--;48.9751367313899
11; Qipchaq --Hard--;48.986754322767986
7; FOLLOW THE SUN (90 IN THE SHADE MIX) --Hard--;49.00627981464063
10; Melody Life (Chinese) --Hard--;49.0147745026224
10; Melody Life --Hard--;49.0147745026224
11; Waiting 4 u --Challenge--;49.026675498894384
8; Healing Vision --Hard--;49.107793607637866
8; LITTLE BOY (BOY ON BOY MIX) --Hard--;49.112616799438996
9; TEARS --Hard--;49.12975054911825
8; CAT'S EYE (Ventura Mix) --Hard--;49.13815752180405
8; BOYS (EURO MIX) --Hard--;49.1711033929133
12; KISS KISS KISS Akiba Koubou MIX --Hard--;49.2136313299348
9; ORION.78(AMeuro-MIX) --Hard--;49.275137660399416
10; Your Angel --Hard--;49.275705326232284
8; TRUE LOVE --Hard--;49.281490268854974
9; GRADIUSIC CYBER(AMD G5 MIX) --Hard--;49.298799994323524
11; Children of the Beat --Hard--;49.35076042167776
7; THE TWIST (Double Pump MIX) --Hard--;49.37589160768026
11; going up (Chinese) --Challenge--;49.4104819637934
11; going up --Challenge--;49.4104819637934
7; DIVE TO THE NIGHT --Hard--;49.441582134053455
12; CANDY (X-Special) --Challenge--;49.46219641570675
10; CHAOS --Hard--;49.46837107174753
9; TSUGARU(APPLE MIX) --Challenge--;49.4724832583174
8; THERE YOU'LL BE --Hard--;49.50144998264512
9; BOYS --Hard--;49.52049314927399
9; BRILLIANT 2U(STREAM Special) --Challenge--;49.596585247735106
8; PARANOiA MAX(DIRTY MIX) (in roulette) --Hard--;49.74034424431632
9; PARANOiA KCET (clean mix) --Hard--;49.770831046603
12; sola --Hard--;49.77987593375619
9; MY FIRE (UKS Remix) --Hard--;49.785342284850984
11; Second Heaven --Hard--;49.819273763811594
8; BOOM BOOM DOLLAR (K.O.G G3 MIX) --Hard--;49.82435391751117
12; A Brighter Day --Challenge--;49.82587008576821
11; Waiting 4 u --Hard--;49.85454975767799
9; STAY --Hard--;49.87361905191394
8; RED ZONE --Hard--;49.87708175218112
7; OOPS!...I DID IT AGAIN (Fired Up MIX) --Hard--;49.90229084471814
10; Xmix2 (Beats 'n Bangs) --Hard--;49.977106219508045
8; Holic --Hard--;50.004516977776774
11; shining --Hard--;50.005926905571116
8; Music In The Rhythm --Hard--;50.01326146558902
9; BE LOVIN --Hard--;50.04582762932948
13; You are a Star --Challenge--;50.05244828694024
9; Destiny lovers --Hard--;50.0593241533621
8; AFRONOVA (FROM NONSTOP MEGAMIX) --Challenge--;50.06984068810063
8; SKY HIGH --Hard--;50.100443446414026
9; TRIP MACHINE Survivor --Hard--;50.10842354742232
8; V(for EXTREME) --Hard--;50.11164335569415
14; KAKUMEI (X-Special) --Challenge--;50.12046922074339
8; CHIKARA --Hard--;50.15121461659878
8; DanDanDO(The true MAN's Road) --Hard--;50.19211298854956
12; New Gravity --Hard--;50.20559469109861
9; Frozen Ray(for EXTREME) --Hard--;50.219356612671106
13; Condor --Hard--;50.25624270204899
10; AM-3P(CHAOS Special) --Challenge--;50.27367964818929
8; DIVE --Hard--;50.29944681810534
8; LUV TO ME (AMD MIX) --Hard--;50.316869665379514
12; ACROSS WORLD --Hard--;50.32844465427917
8; FIRE --Hard--;50.35495890345234
12; Sacred Oath --Challenge--;50.36768647206028
8; SUNKiSS DROP~Alison Side~ --Challenge--;50.39090562085983
8; SUNKiSS DROP~jun Side~ --Challenge--;50.39090562085983
9; Sweet Sweet Love Magic --Hard--;50.408456243914955
12; Chikuwa parfait da yo CKP --Hard--;50.431358872187566
12; La libertad --Hard--;50.48071862950117
13; Leaving --Challenge--;50.500142202025714
13; Leaving... (Chinese) --Challenge--;50.500142202025714
9; xenon --Hard--;50.50044600735998
8; STILL IN MY HEART(MOMO MIX) --Challenge--;50.51768554848357
7; PETIT LOVE --Hard--;50.534694216988676
8; BURNIN' THE FLOOR (MOMO MIX) --Hard--;50.5660199228778
8; SENORITA(Speedy Mix) --Hard--;50.58657710452022
11; JOKER --Hard--;50.67870003521492
9; BROKEN MY HEART --Hard--;50.70110614371418
9; CAPTAIN JACK (GRANDALE REMIX) --Hard--;50.70807410934219
14; Haunted Rhapsody --Hard--;50.7559252055963
11; Nijiiro no hana --Hard--;50.763706542395646
9; INSERTiON --Hard--;50.767649085067504
8; Blind Justice ~Torn souls Hurt Faiths~ --Hard--;50.77507454738759
11; Dazzlin' Darlin -Akiba Koubou mix- --Hard--;50.80513759849658
9; PARANOiA ETERNAL --Hard--;50.84628101994395
11; ZERO --Hard--;50.86697194113292
13; On The Break --Hard--;50.908472079446454
9; LEADING CYBER --Hard--;50.93956358590093
12; Programmed Universe --Hard--;50.95317969324768
8; IF YOU WERE HERE (B4 ZA BEAT MIX) --Hard--;51.060096266002866
9; SAINT GOES MARCHING (REMIX) --Hard--;51.076771557045966
9; ROMANCE NO KAMISAMA --Hard--;51.10842928333466
8; SPEED OVER BEETHOVEN --Hard--;51.15870661240852
14; Poseidon (kors k mix) --Hard--;51.17493633328756
11; Rin to shite saku hana no gotoku ~HinaBitter edition~ --Hard--;51.22083997506104
12; Orion wo nazoru --Challenge--;51.22285268884158
12; Beautiful Dream --Hard--;51.24682332861669
12; Bombay Bomb --Hard--;51.26389746342497
8; butterfly (UPSWING MIX) --Hard--;51.32236281361444
9; IRRESISTIBLEMENT --Hard--;51.37678533480603
8; DXY! --Hard--;51.38872849246695
9; Lupin the 3rd '78 --Hard--;51.46046360583387
13; What Will Come of Me --Hard--;51.48787781319358
9; stoic(EXTREME version) --Hard--;51.49691591991418
12; Zutto Mitsu Meteite (Ryu Remix) --Hard--;51.517349941554116
13; WH1TE RO5E --Hard--;51.678155287326476
8; SYNCHRONIZED LOVE (Red Monster Hyper Mix) --Hard--;51.702660677080694
8; MONDO STREET --Hard--;51.875782018031316
9; TRIP MACHINE CLIMAX --Hard--;51.96591169503603
9; AA --Hard--;51.96750121117405
11; MAX LOVE (Chinese) --Hard--;52.08244460053781
11; MAX LOVE --Hard--;52.08244460053781
9; TSUGARU --Hard--;52.09424301466217
8; PARANOiA MAX(DIRTY MIX) --Hard--;52.09904203663697
13; CAPTAIN JACK (GRANDALE REMIX) --Hard--;52.12921107893915
9; LUV TO ME(disco mix) --Hard--;52.13217748446791
12; Super Driver --Hard--;52.16143490995252
8; Dragon Blade --Hard--;52.22414883137606
8; SEDUCTION(Vocal Remix) --Hard--;52.31527361356635
13; WILD SIDE --Challenge--;52.3401589401754
8; MARS WAR 3 --Hard--;52.36432772652076
13; aftershock!! --Hard--;52.38270819008904
8; NONSTOP H --Hard--;52.42936232173942
13; IF YOU WERE HERE (L.E.D.-G STYLE REMIX) --Hard--;52.44864447330788
8; La Senorita Virtual --Hard--;52.48033158349641
12; DYNAMITE RAVE --Hard--;52.48753945145518
9; DYNAMITE RAVE --Hard--;52.48753945145518
9; DYNAMITE RAVE --Hard--;52.48753945145518
8; CaptivAte~CHIKAI~ --Hard--;52.50774301007956
13; Starry HEAVEN --Challenge--;52.56089760335286
8; era(nostalmix) --Hard--;52.58764644257976
13; escape --Challenge--;52.65652632310888
7; HERO (HAPPY GRANDALE MIX) --Hard--;52.65892517122401
7; DAM DARIRAM (KCP MIX) --Hard--;52.68358036862936
12; heron --Hard--;52.7110695000465
8; HAPPY ANGEL --Hard--;52.75132410751135
9; NO LIMIT(RM Remix) --Hard--;52.77213836453753
12; Find The Way --Hard--;52.95931629683205
14; Diamond Night --Challenge--;53.0127773633204
12; Theory of Eternity --Hard--;53.01574357587143
13; NIJIIRO (Chinese) --Challenge--;53.01702814866686
9; WONDA (SPEED K MIX) --Hard--;53.05161135954219
9; volcano --Hard--;53.21314287760797
13; Monkey Business --Hard--;53.24159734192912
12; PARANOiA(X-Special) --Challenge--;53.44842361678984
12; smooooch --Hard--;53.45839322883328
12; CG Project --Hard--;53.48061543435687
8; WAKA LAKA --Hard--;53.49126695889597
9; ska a go go --Hard--;53.567554544181384
8; BABY LOVE ME --Hard--;53.64081371827814
9; END OF THE CENTURY --Hard--;53.68158823325428
10; B4U(VOLTAGE Special) --Challenge--;53.884062585573695
9; Pluto --Hard--;53.90411561968237
13; FLOWER --Hard--;53.9657793154907
9; PARANOiA ETERNAL --Hard--;53.98550062982323
14; Summer Fairytale --Challenge--;53.9872612102221
12; Meumeupettantan!! --Hard--;53.99006257212667
9; AFRONOVA --Hard--;54.067241217519864
13; Lucky Lucky --Hard--;54.068005660301424
9; FURUHATA'S THEME --Hard--;54.16398350496212
10; Uranus --Challenge--;54.16646527465241
14; Right on time (Ryu Remix) --Hard--;54.349214033586144
12; PARANOiA MAX~DIRTY MIX~in roulette(X-Special) --Challenge--;54.390346264590484
13; SABER WING --Challenge--;54.413942786886125
14; on the bounce --Hard--;54.46828356060123
12; Sweet Rain --Hard--;54.55538001744125
9; Drivin' --Hard--;54.710321922209104
8; FOLLOW THE SUN (90 IN THE SHADE MIX) --Hard--;54.7239922308592
12; Children of the Beat --Challenge--;54.83626485075525
14; Top The Charts --Challenge--;54.87539286614536
14; Shiny World --Hard--;54.89092329002904
15; TRIP MACHINE CLIMAX (X-Special) --Challenge--;54.89645368258908
14; Sakura Sunrise --Hard--;54.93559797794761
13; printemps --Hard--;55.132327332568764
14; The Wind of Gold --Hard--;55.321890733509164
8; The Least 100sec --Hard--;55.324256645767974
9; DROP OUT --Hard--;55.34822720145672
14; Amalgamation --Hard--;55.407136272298814
13; REVOLUTIONARY ADDICT --Hard--;55.465615988949764
8; PARANOIA EVOLUTION --Hard--;55.50471411760596
12; Colorful Pastel --Hard--;55.60770609929406
12; Who Floats --Hard--;55.634874731041904
14; Empathetic --Hard--;55.691066589148676
9; butterfly (UPSWING MIX) --Challenge--;55.7091381915325
9; butterfly (UPSWING MIX) --Hard--;55.7091381915325
10; Healing-D-Vision --Hard--;55.712461922867405
8; DAIKENKAI --Hard--;55.73381677628607
13; sakura storm --Challenge--;55.82199874412571
9; BREAK DOWN! --Hard--;55.839299271687565
14; La libertad --Challenge--;55.961604854983364
9; NGO --Hard--;56.026434486614406
13; Somehow You Found Me --Hard--;56.08840087561655
13; Kiken na kajitsu --Hard--;56.17404315905234
9; MATSURI JAPAN --Hard--;56.18828649457341
9; CARTOON HEROES (Speedy Mix) --Hard--;56.28062876261476
9; RHYTHM AND POLICE (K.O.G G3 Mix) --Hard--;56.29402247104153
14; JOKER --Challenge--;56.497655436745916
13; SABER WING --Hard--;56.52915839364597
9; DEAD END --Hard--;56.67441355259113
9; TRIP MACHINE PhoeniX --Hard--;56.69464058258853
9; Xepher --Hard--;56.803026973702146
9; AFRONOVA PRIMEVAL --Hard--;56.80307350395197
9; Konoko no nanatsu no oiwaini --Hard--;56.818797805178406
15; THE REASON --Challenge--;56.85167251670696
14; Confession --Challenge--;56.913180315286525
9; No.13 --Hard--;57.14426920713164
13; Ubertreffen --Hard--;57.166348043294505
10; SAKURA --Hard--;57.23676459540786
12; London wa Yoru 8 Ji (LON 8PM - TYO 4AM) --Hard--;57.430168331965056
14; Tell me what to do --Challenge--;57.544871918394065
9; Unreal --Hard--;57.55103070809736
13; Xmix3 (Stomp Dem Groove) --Hard--;57.58338017889555
16; osaka EVOLVED -MAIDO, OHKINI!- (TYPE3) --Hard--;57.59887289781875
12; Furisodeshon --Hard--;57.66986213088359
9; PARANOiA Rebirth --Hard--;57.71403697490826
14; New Gravity --Challenge--;57.74924398331797
13; going up (Chinese) --Hard--;57.81761737388822
13; going up --Hard--;57.81761737388822
14; New Generation --Hard--;57.820571147070225
14; U-u-uma uma (Speedcake Remix) --Challenge--;58.07595824913831
15; Magnetic --Hard--;58.313325573335305
14; ACROSS WORLD --Challenge--;58.42932995493315
14; London EVOLVED ver.A --Hard--;58.58937518193876
15; Zutto Mitsu Meteite (Ryu Remix) --Challenge--;58.70204921123728
9; CAN'T STOP FALLIN' IN LOVE(SPEED MIX) --Hard--;58.90270152601086
15; Condor --Challenge--;58.911578143845354
15; UNBELIEVABLE (Sparky remix) --Hard--;59.02217438180391
14; Synergy For Angels --Hard--;59.10454435379089
16; osaka EVOLVED -MAIDO, OHKINI!- (TYPE1) --Hard--;59.12254367798281
15; Desert Journey --Challenge--;59.3081011954155
14; Second Heaven --Challenge--;59.45745810642881
14; Pierce The Sky --Hard--;59.47803019590787
16; osaka EVOLVED -MAIDO, OHKINI!- (TYPE2) --Hard--;59.528576804090925
13; Sousei Note --Hard--;59.81357560787151
10; TRIP MACHINE PhoeniX --Challenge--;59.917658051114685
16; on the bounce --Challenge--;60.09113205818158
15; roppongi EVOLVED ver. B --Hard--;60.78129987251263
13; Straight Oath --Hard--;60.8210213872049
14; PRANA --Hard--;60.83000386641606
15; Healing Vision (X-Special) --Challenge--;60.844548745403394
14; nightbird lost wing --Hard--;60.88554240868238
15; KIMONO PRINCESS --Hard--;60.99638673711728
15; SABER WING (AKIRA ISHIHARA Headshot mix) --Hard--;61.16306359617826
13; MAX LOVE (Chinese) --Challenge--;61.333117879738914
13; MAX LOVE --Challenge--;61.333117879738914
8; DYNAMITE RAVE(Long ver.) --Hard--;61.546179400477065
15; SILVER DREAM --Hard--;61.585929796839494
14; FIRE FIRE --Hard--;61.690502953213546
13; LOVE & JOY -Risk Junk MIX- --Hard--;61.752500011915316
15; Air Heroes --Hard--;61.76819103317785
15; roppongi EVOLVED ver. C --Hard--;62.28108247284091
15; CRAZY LOVE --Hard--;62.47781601543153
13; Xmix1 (Midnight Dawn) --Hard--;62.595510700172554
17; deltaMAX --Hard--;62.639579940097065
15; Amalgamation --Challenge--;62.77166776175339
16; New York EVOLVED (Type C) --Hard--;63.107794662858716
16; SUPER SAMURAI --Hard--;63.267274132492005
15; Windy Fairy --Hard--;63.32921276635955
10; Xmix4 (Linear Momentum) --Hard--;63.3545951908342
9; Arrabbiata --Hard--;63.89859325031975
15; roppongi EVOLVED ver. A --Hard--;64.0897791879685
8; HOT LIMIT --Hard--;64.3684582487287
10; NGO --Challenge--;64.43424218612849
17; FLOWER --Challenge--;65.08665470691705
8; NONSTOP I --Hard--;65.27260243408992
14; REVOLUTION --Hard--;65.47532962966902
15; Beautiful Dream --Challenge--;65.50477641698494
13; YELLOW CANDY --Hard--;65.51223378158137
15; Straight Oath --Challenge--;65.66870276761931
14; 888 --Hard--;65.70591938415619
10; DEAD END(GROOVE RADAR Special) --Challenge--;65.88090635605286
15; roppongi EVOLVED ver. D --Hard--;65.99315792494416
15; Horatio --Hard--;66.04303297254293
10; PARANOIA survivor --Hard--;66.21489801081586
17; Magnetic --Challenge--;66.33932804449014
10; MAXX UNLIMITED --Hard--;66.52527652215223
16; Trigger --Hard--;66.58505776653013
9; B4U glorious style --Hard--;66.75461063053045
16; New York EVOLVED (Type B) --Hard--;66.93629854430522
16; Chinese Snowy Dance --Hard--;66.9950900556803
15; STULTI --Hard--;67.01467771416222
17; New Decade --Hard--;67.24065782868712
10; The legend of MAX --Hard--;67.32999519241571
17; SABER WING (AKIRA ISHIHARA Headshot mix) --Challenge--;67.64983397796513
17; Pluto The First --Hard--;67.79604255923442
18; Pluto The First --Challenge--;67.97679270288543
16; Another Phase --Challenge--;67.9815641869314
15; ZETA --Hard--;68.04012371765637
16; New York EVOLVED (Type A) --Hard--;68.75230856452056
16; Mei --Hard--;68.91696999465762
16; tokyoEVOLVED (TYPE3) --Hard--;69.15346463271845
9; PARANOiA (HADES) --Hard--;69.378242751995
17; MAX 300 (X-Special) --Challenge--;69.51577976200912
16; VANESSA --Hard--;69.94347958744638
15; Another Phase --Hard--;70.01124630060094
15; Spanish Snowy Dance --Hard--;70.68402123532181
15; NEPHILIM DELTA --Hard--;71.03501743643312
15; Nagisano koakuma Lovely Radio --Hard--;71.10605435206652
16; Blew My Mind --Hard--;71.51301203424399
10; Fascination MAXX --Hard--;71.540069341595
17; London EVOLVED ver.A --Challenge--;71.69732500358526
10; Fascination -eternal love mix- --Hard--;71.77435501683108
16; tokyoEVOLVED (TYPE2) --Hard--;71.8657968639478
10; PARANOIA survivor MAX --Hard--;72.04862130558908
16; tokyoEVOLVED (TYPE1) --Hard--;72.22641793843836
17; deltaMAX --Challenge--;72.42536768652508
16; Somehow You Found Me --Challenge--;72.67962625786166
16; Monkey Business --Challenge--;73.32245696738723
18; The legend of MAX (X-Special) --Challenge--;73.58575583281521
16; PRANA --Challenge--;73.73704884796815
17; POSSESSION --Hard--;74.06774588350373
18; New Decade --Challenge--;74.28994703218969
18; Trigger --Challenge--;75.94522358505975
17; New Generation --Challenge--;76.24043082850628
10; Fascination -eternal love mix- --Challenge--;77.1736922358389
16; GAIA --Hard--;77.25173173491444
16; Triple Journey -TAG EDITION- --Hard--;78.6317647168173
16; Nageki no ki --Hard--;79.12214366165477
16; Okome no oishii takikata, soshite okome wo taberu koto ni yoru sono kouka --Hard--;79.14867790397317
17; Anti-Matter --Hard--;79.37636359762242
18; Valkyrie dimension --Hard--;79.58686364301415
17; Air Heroes --Challenge--;80.52372290116635
10; Pluto Relinquish --Hard--;81.20469636118392
18; POSSESSION --Challenge--;81.97596988883717
17; Spanish Snowy Dance --Challenge--;82.94499682356621
18; Blew My Mind --Challenge--;83.432440169655
18; Mei --Challenge--;85.12759575711469
17; Elemental Creation --Hard--;85.63637863589025
17; Tohoku EVOLVED --Hard--;85.72964292440369
18; 888 --Challenge--;85.88984749189024
15; Xmix5 (Overcrush) --Hard--;87.84176150774782
17; REVOLUTION --Challenge--;88.73573051586538
18; PARANOiA Revolution --Hard--;88.83171863003915
10; PARANOiA (HADES) --Challenge--;89.71089096154273
18; Nageki no ki --Challenge--;90.71738741919421
18; Tohoku EVOLVED --Challenge--;93.17286660102943
18; Triple Journey -TAG EDITION- --Challenge--;93.3700893477824
18; Anti-Matter --Challenge--;94.1482830904387
18; Elemental Creation --Challenge--;97.49665852066803
19; PARANOiA Revolution --Challenge--;102.2447346500278
19; Valkyrie dimension --Challenge--;104.29467462163458
