16; Nageki no ki --Hard--; 443555.7213210063
18; Nageki no ki --Challenge--; 564595.0333145693
8; AM-3P --Hard--; 81168.09147102042
5; BAD GIRLS --Hard--; 65787.04757647058
6; BOOM BOOM DOLLAR --Hard--; 71128.58830222227
7; BOYS --Hard--; 69695.68335999992
6; BRILLIANT 2U --Hard--; 79142.72727272726
7; BRILLIANT 2U(Orchestra-Groove) --Hard--; 71486.55721558438
8; DUB-I-DUB --Hard--; 76681.89095798317
8; GET UP'N MOVE --Hard--; 104478.08978322889
6; HERO --Hard--; 56508.28699567107
8; I believe in miracles --Hard--; 78729.50504347823
7; IF YOU WERE HERE --Hard--; 65399.9939047619
8; MAKE IT BETTER (So-REAL Mix) --Hard--; 68972.89477052633
8; PARANOiA MAX(DIRTY MIX) --Hard--; 161469.57487863267
8; PARANOiA MAX(DIRTY MIX) (in roulette) --Hard--; 136847.82789745397
6; PUT YOUR FAITH IN ME --Hard--; 60207.668965517245
6; PUT YOUR FAITH IN ME (Jazzy Groove) --Hard--; 64056.369542474684
6; SMOKE --Hard--; 77699.57538461541
8; SP-TRIP MACHINE(JUNGLE MIX) --Hard--; 88135.56349863476
7; Stomp to my beat --Hard--; 93626.66024927523
6; Be in my paradise --Hard--; 27802.183288888875
6; e-motion --Hard--; 36442.242518095256
7; 20,november --Hard--; 64540.78111016038
7; Dr. LOVE --Hard--; 70381.46688669262
8; Jam Jam Reggae --Hard--; 59030.5846153846
9; LUV TO ME(disco mix) --Hard--; 161815.465995018
9; ska a go go --Hard--; 176798.94158138463
7; EL RITMO TROPICAL --Hard--; 58181.95387659459
7; LOVE --Hard--; 33879.18525654056
7; MAKE A JAM! --Hard--; 70242.30175438605
9; PARANOiA KCET (clean mix) --Hard--; 137166.07058823522
6; TUBTHUMPING --Hard--; 38366.14080000007
4; 20,NOVEMBER(D.D.R.Version) --Hard--; 49552.37486956524
9; AFRONOVA --Hard--; 182015.02262443432
8; BOOM BOOM DOLLAR (K.O.G G3 MIX) --Hard--; 137724.77996995326
8; butterfly (UPSWING MIX) --Hard--; 153362.05072820542
9; butterfly (UPSWING MIX) --Challenge--; 199154.29837011086
9; CAPTAIN JACK (GRANDALE REMIX) --Hard--; 146949.6730598028
8; DAM DARIRAM --Hard--; 103413.91444170459
8; DAM DARIRAM --Challenge--; 98878.29413614993
9; DEAD END --Hard--; 209230.52169322176
8; DO IT ALL NIGHT --Hard--; 103659.19783619055
9; DYNAMITE RAVE --Hard--; 165524.98421578418
9; END OF THE CENTURY --Hard--; 177989.30545454568
8; FLASHDANCE (WHAT A FEELING) --Hard--; 122734.86748734681
7; FOLLOW THE SUN (90 IN THE SHADE MIX) --Hard--; 129185.1469409523
8; gentle stress(SENSUAL MIX) --Hard--; 110089.40267501045
7; GET UP (BEFORE THE NIGHT IS OVER) --Hard--; 70615.77072527476
7; GET UP AND DANCE --Hard--; 69136.89764102563
9; GRADIUSIC CYBER(AMD G5 MIX) --Hard--; 132238.67837447903
6; HOLIDAY --Hard--; 63485.63692307693
6; IF YOU CAN SAY GOODBYE --Hard--; 83414.9704347826
8; IN THE NAVY '99 (XXL Disaster Remix) --Hard--; 105475.49999999994
6; IT ONLY TAKES A MINUTE (Extended Remix) --Hard--; 63918.95495179502
8; Jam Jam Reggae --Hard--; 98801.96129032255
6; KEEP ON MOVIN' --Hard--; 57489.924461538445
8; La Senorita --Hard--; 99853.9928522937
4; LET THEM MOVE --Hard--; 40003.14010125607
8; LUV TO ME (AMD MIX) --Hard--; 142866.0058479533
7; MR. WONDERFUL --Hard--; 68731.21568761906
7; OH NICK PLEASE NOT SO QUICK --Hard--; 69184.58179340663
7; OPERATOR --Hard--; 100721.3971076924
9; PARANOiA Rebirth --Hard--; 220082.84238616435
8; ROCK BEAT --Hard--; 106410.92307692308
7; Silent Hill --Hard--; 82102.4171952079
6; SO MANY MEN --Hard--; 60991.582399999934
7; THE RACE --Hard--; 123978.61055999996
7; TURN ME ON (HEAVENLY MIX) --Hard--; 111226.35854753235
7; UPSIDE DOWN --Hard--; 105211.06296327966
8; VOL.4 --Hard--; 94478.66813186802
7; WONDERLAND (UKS MIX) --Hard--; 89244.70303030312
6; XANADU --Hard--; 54202.9284712089
5; AFTER THE GAME OF LOVE --Hard--; 51525.139487179666
7; BUMBLE BEE --Hard--; 78402.8154763636
7; CUTIE CHASER --Hard--; 72763.33395562069
6; DROP THE BOMB --Hard--; 106444.04234751921
6; GIMME GIMME GIMME --Hard--; 85642.02133333347
6; HERO (KCP DISCOTIQUE MIX) --Hard--; 61418.601025641
8; La Senorita Virtual --Hard--; 165449.74341904785
7; .59 --Hard--; 92024.4931994852
6; 1,2,3,4, 007 --Hard--; 52674.85604395589
8; B4U --Hard--; 118112.92030984131
6; BABY BABY GIMME YOUR LOVE --Hard--; 28806.37391902217
8; BOYS (EURO MIX) --Hard--; 130905.69141001269
7; BURNIN' THE FLOOR --Hard--; 107705.59427740266
7; DAM DARIRAM (KCP MIX) --Hard--; 167571.39723076898
7; Don't stop! (AMD 2nd MIX) --Hard--; 51726.69867076923
7; DREAM A DREAM --Hard--; 78855.8232087911
6; EAT YOU UP --Hard--; 74661.47311869917
8; era(nostalmix) --Hard--; 166569.9714178503
9; FURUHATA'S THEME --Hard--; 183024.88668227964
8; Get me in your sight (AMD CANCUN MIX) --Hard--; 80915.60347094502
7; GOTCHA (The Theme From STARSKY & HUTCH) --Hard--; 50322.98344892913
7; HAVE YOU NEVER BEEN MELLOW (MM GROOVIN MIX) --Hard--; 128732.97727699547
7; HERO (HAPPY GRANDALE MIX) --Hard--; 167314.02893447352
6; HIGHER --Hard--; 69328.81477447835
8; Holic --Hard--; 139605.4487439085
9; HYPNOTIC CRISIS --Hard--; 86312.77979428551
8; IF YOU WERE HERE (B4 ZA BEAT MIX) --Hard--; 150624.3279907087
7; IN THE HEAT OF THE NIGHT --Hard--; 100454.38187902154
7; KICK THE CAN --Hard--; 124251.09764967354
9; LEADING CYBER --Hard--; 149366.12307692308
6; Let's talk it over --Hard--; 49060.53830227741
7; LOVE AGAIN TONIGHT (ForMelissaMIX) --Hard--; 112701.97178940463
7; Make Your Move --Hard--; 115941.98825174832
7; MUSIC --Hard--; 86785.69596780512
9; MY SUMMER LOVE --Hard--; 86587.51767272719
7; NEVER GONNA MAKE (FACTORY DANCE TEAM MIX) --Hard--; 76686.46787878781
7; never let you down --Hard--; 75650.00000000001
7; NIGHT IN MOTION --Hard--; 76168.07586995077
7; ONE TWO (LITTLE BITCH) --Hard--; 96605.35238095243
7; ONLY YOU --Hard--; 45102.6026666667
9; ORION.78(AMeuro-MIX) --Hard--; 131991.67428571425
7; PINK DINOSAUR --Hard--; 44328.96318214119
9; SAINT GOES MARCHING (REMIX) --Hard--; 150798.39641025674
7; SHAKE YOUR BOOTY --Hard--; 60782.44866857145
7; SHOOTING STAR --Hard--; 98735.41152820525
6; THE 7 JUMP --Hard--; 44121.81367294567
9; TRIP MACHINE CLIMAX --Hard--; 160079.8667112327
7; WALKIE TALKIE --Hard--; 91358.70658901127
7; Young Forever --Hard--; 75859.49217391304
9; BOYS --Hard--; 134552.8674946033
7; BRILLIANT 2U --Hard--; 103224.86956521739
9; butterfly (UPSWING MIX) --Hard--; 199154.29837011086
7; CAFE --Hard--; 76333.09001142842
8; CAT'S EYE (Ventura Mix) --Hard--; 130561.77922882205
8; CONGA FEELING --Hard--; 110055.15263896114
8; DO IT ALL NIGHT --Hard--; 114592.79706837606
8; DO ME (H.I.G.E.O. MIX) --Hard--; 121008.62724637656
8; DUB-I-DUB --Hard--; 110284.66158472143
9; DYNAMITE RAVE --Hard--; 165524.98421578418
8; FLASHDANCE (WHAT A FEELING) --Hard--; 122734.86748734681
8; FOLLOW THE SUN (90 IN THE SHADE MIX) --Hard--; 188870.6517485725
8; HAVE YOU NEVER BEEN MELLOW --Hard--; 72285.23693186813
8; LET'S GET DOWN --Hard--; 95461.15539047627
9; LOVE --Hard--; 121043.12643264403
9; Lupin the 3rd '78 --Hard--; 154803.64395604396
9; MY FIRE (UKS Remix) --Hard--; 137317.54910222234
8; NA-NA --Hard--; 105289.38005797102
8; OPERATOR --Hard--; 102917.55248117204
7; PETIT LOVE --Hard--; 145139.8117647057
9; RHYTHM AND POLICE (K.O.G G3 Mix) --Hard--; 205259.73196581184
8; SKY HIGH --Hard--; 140606.79671111063
8; Stomp to my beat --Hard--; 112969.20672463777
8; SYNCHRONIZED LOVE (Red Monster Hyper Mix) --Hard--; 157331.86737967914
8; THEME FROM ENTER THE DRAGON (notorious mix) --Hard--; 127426.78528478064
8; VOL.4 --Hard--; 112929.6750032901
9; WONDA (SPEED K MIX) --Hard--; 171413.16363636387
8; XANADU --Hard--; 101341.94128665491
6; 17SAI --Hard--; 79247.97292301338
8; ABSOLUTE --Hard--; 108651.0960855267
7; Abyss --Hard--; 99311.06267428576
9; AFRONOVA PRIMEVAL --Hard--; 210573.56478222238
7; AGAINST ALL ODDS (Definitive MIX) --Hard--; 92250.90759420319
9; B4U glorious style --Hard--; 314454.71055772644
7; BE TOGETHER --Hard--; 69558.05784650403
9; BROKEN MY HEART --Hard--; 146876.93653237438
9; CAN'T STOP FALLIN' IN LOVE(SPEED MIX) --Hard--; 232490.95923692436
7; DANCING ALL ALONE --Hard--; 81757.7764102564
8; DIVE --Hard--; 142684.1339105338
8; DXY! --Hard--; 154054.82237460313
8; DYNAMITE RAVE(Long ver.) --Hard--; 260085.4410681105
7; ECSTASY --Hard--; 96418.93657040989
9; Electro Tuned(the SubS mix) --Hard--; 116214.40232183908
8; Healing Vision --Hard--; 130244.81933069859
8; HOT LIMIT --Hard--; 289546.3732562971
7; I Was The One --Hard--; 100255.0224347822
9; INSERTiON --Hard--; 147571.5585694659
9; MATSURI JAPAN --Hard--; 204155.98545454536
6; MOONLIGHT SHADOW (New Vocal Version) --Hard--; 108899.45098039198
8; MOVIN ON (Extended Moon Mix) --Hard--; 92580.78522374357
7; Mr.T. (take me higher) --Hard--; 98537.80043478237
6; MY GENERATION (Fat Beat Mix) --Hard--; 82867.89960784304
7; NEVER ENDING STORY (Power Club Vocal Mix) --Hard--; 94368.12135265693
9; NO LIMIT(RM Remix) --Hard--; 168495.82789565125
7; ODORU PONPOKOLIN --Hard--; 86334.20395256906
7; OOPS!...I DID IT AGAIN (Fired Up MIX) --Hard--; 138538.34044744566
9; PARANOiA ETERNAL --Hard--; 148392.37402597404
8; Radical Faith --Hard--; 119691.47011764714
5; Remember You --Hard--; 41759.45641739132
6; RIGHT NOW --Hard--; 97723.50795671024
9; ROMANCE NO KAMISAMA --Hard--; 151128.8620295563
8; SANA MOLLETE NE ENTE --Hard--; 90532.75563025201
7; STILL IN MY HEART --Hard--; 98636.83516483518
6; SWING IT --Hard--; 79754.08443896525
7; TEST MY BEST --Hard--; 89439.50400000002
7; THE CUBE --Hard--; 85896.50991111106
7; THE TWIST (Double Pump MIX) --Hard--; 133043.41487129524
8; TRIBAL DANCE (ALMIGHTY MIX) --Hard--; 127336.64181560268
7; A MINUTE (EXTENDED MIX) --Hard--; 84321.28129538275
8; AFRONOVA (FROM NONSTOP MEGAMIX) --Challenge--; 140287.34358974354
7; AM-3P(AM EAST mix) --Challenge--; 82604.96591619053
8; B4U(B4 ZA BEAT MIX) --Challenge--; 85420.02210851821
8; BABY LOVE ME --Hard--; 177563.67238095254
9; BREAK DOWN! --Hard--; 200513.01129756132
7; BRILLIANT 2U(K.O.G G3 MIX) --Challenge--; 79774.97990608696
7; BURNIN' THE FLOOR(BLUE FIRE mix) --Challenge--; 101009.60603247887
9; Burning Heat!(3 Option Mix) --Hard--; 126150.29422447494
7; CANDY --Hard--; 98160.57494505493
8; CELEBRATE NITE(EURO TRANCE STYLE) --Challenge--; 102311.4408791209
7; D2R --Hard--; 123441.91445887454
7; DESTINY --Hard--; 124922.795588225
7; DIVE TO THE NIGHT --Hard--; 133729.13880112092
8; DRIFTING AWAY --Hard--; 124069.68985858558
9; DROP OUT(FROM NONSTOP MEGAMIX) --Challenge--; 105239.55874543909
7; DYNAMITE RAVE(B4 ZA BEAT MIX) --Challenge--; 104614.82808380963
8; ever snow --Hard--; 117372.29841269835
6; FANTASY --Hard--; 64634.64596938652
7; HIGHER(next morning mix) --Challenge--; 93652.09970793645
7; HYSTERIA 2001 --Challenge--; 99976.90952587988
9; i feel... --Hard--; 90851.97801935388
7; IT'S RAINING MEN (Almighty Mix) --Hard--; 98171.48882783875
9; KAKUMEI --Hard--; 128860.05352775217
8; LITTLE BOY (BOY ON BOY MIX) --Hard--; 130295.1671999999
7; LIVING IN AMERICA --Hard--; 107296.30473613445
7; LONG TRAIN RUNNIN' --Hard--; 71252.80227878781
7; LOOK AT US (Daddy DJ Remix) --Hard--; 88067.72649641043
7; MATSURI JAPAN (FROM NONSTOP MEGAMIX) --Challenge--; 111962.44219780216
8; MAXIMUM OVERDRIVE (KC Club Mix) --Hard--; 77003.64653594766
10; MAXX UNLIMITED --Hard--; 312060.7597900499
7; MORE THAN I NEEDED TO KNOW --Hard--; 55159.11634978351
7; MY SUMMER LOVE(TOMMY'S SMILE MIX) --Challenge--; 85389.85394071278
7; NOTHING GONNA STOP (Dance Mania Mix) --Hard--; 75573.23419913417
9; rain of sorrow --Hard--; 105196.5283761002
7; Secret Rendez-vous --Hard--; 71337.19079526135
7; SEXY PLANET (FROM NONSTOP MEGAMIX) --Challenge--; 109789.79999999999
7; Silent Hill(3rd christmas mix) --Challenge--; 61556.954542686646
7; SO FABULOUS SO FIERCE (FREAK OUT) --Hard--; 82179.03824175826
8; Spin the disc --Hard--; 104527.14043290034
9; STAY --Hard--; 138239.0441025641
8; STILL IN MY HEART(MOMO MIX) --Challenge--; 144962.2633166667
7; SUPER STAR (FROM NONSTOP MEGAMIX) --Challenge--; 98740.82414652043
9; Sweet Sweet Love Magic --Hard--; 143822.05098901087
8; THE REFLEX --Hard--; 100420.33026743254
7; THE WHISTLE SONG (Blow My Whistle Baby) --Hard--; 112721.35652173914
8; THERE YOU'LL BE --Hard--; 134354.08152380912
8; TRANCE DE JANEIRO (SAMBA DE JANEIRO 2002 Epic Vocal Remix) --Hard--; 73369.60545106087
9; TSUGARU --Hard--; 161419.47931098286
9; TSUGARU(APPLE MIX) --Challenge--; 134051.70647619062
8; WAKA LAKA --Hard--; 176002.5980952382
7; WILD RUSH (FROM NONSTOP MEGAMIX) --Challenge--; 52721.8464428292
7; 1998 --Hard--; 113722.06233766234
8; 321STARS --Hard--; 125896.41621650806
7; 5.1.1. --Hard--; 17072.316744242413
8; A --Hard--; 128351.35340952328
8; Across the nightmare --Hard--; 128511.42627653475
7; air --Hard--; 63459.46771241833
7; AM-3P (303 BASS MIX) --Hard--; 69706.3773574782
10; bag --Hard--; 100780.35994228013
9; BE LOVIN --Hard--; 140036.67838827832
8; BLUE IMPULSE(for EXTREME) --Hard--; 92529.10703151216
8; BURNIN' THE FLOOR (MOMO MIX) --Hard--; 145466.81152148673
8; CALICO CAT ROCK --Hard--; 104200.08411428567
9; CARTOON HEROES (Speedy Mix) --Hard--; 205119.9190143192
8; celebrate --Hard--; 84942.45858076918
7; Colors (for EXTREME) --Hard--; 88381.50750666628
5; CUTIE CHASER(MORNING MIX) --Hard--; 63415.74373333329
8; DAIKENKAI --Hard--; 199411.91080000086
9; Dance Dance Revolution --Hard--; 124473.25714285715
9; Destiny lovers --Hard--; 140177.5646013992
7; Do It Right(Harmonized 2Step Mix) --Hard--; 57457.541952820546
7; DROP THE BOMB (SySF. Mix) --Hard--; 99353.950877193
7; DYNAMITE RAVE(Down Bird SOTA Mix) --Hard--; 81866.34285714287
7; feeling of love --Hard--; 115128.66786735046
9; Frozen Ray(for EXTREME) --Hard--; 141848.09600000008
8; Gamelan de Couple --Hard--; 92675.3684695052
8; GENOM SCREAMS --Hard--; 92152.0
7; GRADUATION --Hard--; 76623.7509157509
7; Happy Wedding --Hard--; 75271.37344444454
8; Heaven is a '57 metallic gray(gimmix) --Hard--; 99924.10377607576
6; HOLD ON ME --Hard--; 90897.08703030298
7; HYPER EUROBEAT --Hard--; 84085.10111671321
8; I DO I DO I DO --Hard--; 82209.05988000006
7; I'm gonna get you! --Hard--; 107767.2378130885
9; IRRESISTIBLEMENT --Hard--; 153930.15129251668
7; JANEJANA --Hard--; 118300.00000000001
8; JET WORLD --Hard--; 112435.89187921588
7; Kind Lady --Hard--; 61334.198079625305
8; KISS KISS KISS --Hard--; 93854.35988588393
8; KISS ME ALL NIGHT LONG --Hard--; 107679.56820227628
8; L'amour et la liberte(DDR ver.) --Hard--; 85955.55101621947
8; LA BAMBA --Hard--; 104939.87533714274
7; LA COPA DE LA VIDA --Hard--; 67997.25236363643
7; Last Message --Hard--; 98036.62364692213
7; Last Message --Challenge--; 46844.78014081695
7; Look To The Sky(True Color Mix) --Hard--; 61427.060512820484
7; LOVE LOVE SHINE --Hard--; 114975.94078222207
7; LOVE LOVE SUGAR --Hard--; 77528.49625263167
8; MAGIC DOOR(Theme of SPACE MACO) --Hard--; 123305.05460000018
7; Miracle Moon(L.E.D.LIGHT STYLE MIX) --Hard--; 76826.00115677103
7; MOBO MOGA --Hard--; 78603.8352380139
9; PARANOiA ETERNAL --Hard--; 181161.75686274504
10; PARANOIA survivor --Hard--; 308820.81052677444
10; PARANOIA survivor MAX --Hard--; 369717.31850238703
8; Pink Rose --Hard--; 64960.52769696965
7; R3 --Hard--; 107318.17526857188
10; SAKURA --Hard--; 215100.7375114223
8; SENORITA(Speedy Mix) --Hard--; 145681.4018461538
7; SO IN LOVE --Hard--; 48741.62486137981
8; SPEED OVER BEETHOVEN --Hard--; 151653.6921622577
7; STAY(Organic house Version) --Hard--; 58381.53846153847
9; stoic(EXTREME version) --Hard--; 155184.15885586952
8; sync(EXTREME version) --Hard--; 115749.16081739131
9; TEARS --Hard--; 130474.02133333351
8; The Least 100sec --Hard--; 195136.6340180297
10; The legend of MAX --Hard--; 320460.9794174928
9; TRIP MACHINE Survivor --Hard--; 140690.0986197104
8; TwinBee(Generation X) --Hard--; 95390.6306511282
8; V(for EXTREME) --Hard--; 140723.7092436975
8; VANITY ANGEL --Hard--; 108628.79161232569
7; WE ARE THE CHAMPIONS (Factory Team Remix) --Hard--; 58101.961846153725
7; WE WILL ROCK YOU --Hard--; 54964.12799999998
7; White Lovers --Hard--; 93883.31372432035
9; xenon --Hard--; 144782.3048578092
7; Dark Black Forest (short trip) --Hard--; 45551.23555555557
8; gentle stress (SENSUAL MIX) --Hard--; 110110.04572820275
7; I Like To Move It --Hard--; 51856.129217639675
7; I'M FOR REAL --Hard--; 59753.40088780781
8; Jam & Marmalade --Hard--; 75819.6244876191
8; LOGICAL DASH --Hard--; 70127.95870967752
7; OVERBLAST!! --Hard--; 68440.75394871796
6; peace-out --Hard--; 38454.27932387094
8; Sandstorm --Hard--; 72070.11428825402
7; Take It To The Morning Light (Extended Vocal) --Hard--; 54025.96862158727
7; THE SHINING POLARIS --Hard--; 45716.391022222175
7; You Leave Me Alone --Hard--; 49604.36611494678
7; A LOVE LIKE THIS --Hard--; 58406.25839796142
9; AA --Hard--; 160096.4591989606
7; Baby's Tears --Hard--; 90179.86725274724
7; BAILA! BAILA! --Hard--; 75865.7106444818
7; BALLAD FOR YOU --Hard--; 30893.347557536996
7; Beautiful Life --Hard--; 58212.31539841493
7; cachaca --Hard--; 66986.07219065828
6; CAN'T STOP FALLIN' IN LOVE (super euro version) --Hard--; 77119.7333333333
8; CENTAUR --Hard--; 87355.55222816399
7; CENTERFOLD(130BPM move it remix) --Hard--; 74254.46399999996
10; CHAOS --Hard--; 134008.78057970977
8; CHIKARA --Hard--; 141136.78190476165
7; CURUS --Hard--; 103667.68012923856
7; DA CAPO --Hard--; 79346.01508571427
8; DanDanDO(The true MAN's Road) --Hard--; 141563.70788459375
7; DOESN'T REALLY MATTER --Hard--; 51389.34052494862
8; Dragon Blade --Hard--; 162775.52761904773
9; Drivin' --Hard--; 188727.951449351
8; DYNAMITE RAVE (super euro version) --Hard--; 96826.05674325676
10; Fascination -eternal love mix- --Hard--; 366854.33402457373
10; Fascination -eternal love mix- --Challenge--; 423216.4145358183
10; Fascination MAXX --Hard--; 364408.6953184376
6; FEELS JUST LIKE IT SHOULD --Hard--; 36575.52014479638
8; Flow --Hard--; 112603.33885322174
8; Flow(true style) --Hard--; 113704.17261615986
7; Fly away --Hard--; 101136.61183261184
7; Gekkou chou --Hard--; 93580.63537518722
6; GIRL IN A DAYDREAM --Hard--; 54951.67592935072
7; GIVE ME UP --Hard--; 92822.33149879308
6; GOLDEN SKY --Hard--; 74856.43384615393
7; GORGEOUS 2012 --Hard--; 90921.82435076943
8; HANA RANMAN (Flowers) --Hard--; 125081.15252032518
8; HAPPY ANGEL --Hard--; 168278.55403726702
10; Healing-D-Vision --Hard--; 199188.99381614372
7; HONEY PUNCH --Hard--; 116803.3857454541
7; Hunting for you --Hard--; 61525.52885780885
7; I'll Make Love To You --Hard--; 33649.3886943974
8; INNOCENCE OF SILENCE --Hard--; 90594.27938618408
7; INSERTiON (Machine Gun Kelly Mix) --Hard--; 62497.7588742546
7; JERK IT OUT --Hard--; 70002.94197001639
7; KAGEROW (Dragonfly) --Hard--; 79550.8457247244
8; KEEP ON MOVIN' (DMX Mix) --Hard--; 98369.60720761931
9; Konoko no nanatsu no oiwaini --Hard--; 210737.70610101003
7; La Bamba --Hard--; 128733.19372097563
7; LONG TRAIN RUNNIN' --Hard--; 74795.28737250817
7; LOVE AT FIRSTSIGHT(TwinMasterplan Mix) --Hard--; 68268.64796536799
9; MATSURI (J-SUMMER MIX) --Hard--; 77859.34457399149
6; MODERN GIRL --Hard--; 48497.910640346345
8; MONDO STREET --Hard--; 159139.02973333315
7; MOON --Hard--; 102000.90145622117
7; Morning Glory --Hard--; 83509.24762507809
7; MR.DABADA (Groove Wonder Remix) --Hard--; 58995.92196140658
8; Mugen --Hard--; 106684.39325842654
7; murmur twins --Hard--; 117075.67210119661
6; My Only Shining Star --Hard--; 75702.48669552668
8; NIJIIRO --Hard--; 93838.49238646677
9; No.13 --Hard--; 214135.20557491155
6; PEACE(^^)v --Hard--; 58309.745205330764
7; PUT YOUR FAITH IN ME(SATURDAY NIGHT MIX) --Hard--; 71359.03056000006
7; Quick Master --Hard--; 83286.90152692642
7; rainbow rainbow --Hard--; 120366.57664335651
8; RED ZONE --Hard--; 138275.1902040815
8; SEDUCTION(Vocal Remix) --Hard--; 163726.75220496507
8; Ska Ska No.3 --Hard--; 91293.51168831161
7; Star Gate Heaven --Hard--; 67805.9190443312
7; SURRENDER(YOUR LOVE) --Hard--; 66418.61065353031
8; TIERRA BUENA --Hard--; 78331.55966670146
8; Tino's White Horse --Hard--; 106233.85937120515
7; TOXIC (FT company Edit) --Hard--; 97700.59444257716
8; TRUE LOVE --Hard--; 132057.98728205168
6; Under the Sky --Hard--; 68709.09337995332
7; WHAT A WONDERFUL WORLD --Hard--; 82769.47999580055
8; WOOKIE WOOKIE --Hard--; 120995.47733333305
9; Xepher --Hard--; 210573.07906673904
8; A thing called LOVE --Hard--; 98631.60976197793
8; AIN'T NO MOUNTAIN HIGH ENOUGH --Hard--; 49125.90095238096
10; AM-3P(CHAOS Special) --Challenge--; 142415.15806286072
8; ANGELUS --Hard--; 106333.75506666508
9; Arrabbiata --Hard--; 284641.5918367347
10; B4U(VOLTAGE Special) --Challenge--; 180102.8751917191
8; Blind Justice ~Torn souls Hurt Faiths~ --Hard--; 147649.07076923078
8; Bloody Tears (IIDX EDITION) --Hard--; 96477.55490761112
9; BRILLIANT 2U(STREAM Special) --Challenge--; 135347.170351746
8; Burn Baby Burn --Hard--; 109535.52672268891
8; CaptivAte~CHIKAI~ --Hard--; 165735.88317460316
8; D2R(FREEZE Special) --Challenge--; 34272.775387785565
10; DEAD END(GROOVE RADAR Special) --Challenge--; 305334.370659754
6; dream of love --Hard--; 35541.649663856835
6; DYNAMITE RAVE(AIR Special) --Challenge--; 92432.16173333365
7; Electrified --Hard--; 75986.28538597414
7; Every Day, Every Night(NM STYLE) --Hard--; 66316.98701298703
7; FAINT --Hard--; 57360.89493333335
8; FIRE --Hard--; 143263.60811204507
7; Freeway Shuffle --Hard--; 90496.49339614638
8; JUPITER The Bringer of Jollity --Hard--; 97982.62222222226
8; L'amour et la liberte (Darwin & DJ Silver remix) --Hard--; 109384.88713012473
8; MARS WAR 3 --Hard--; 164238.81354723705
8; Music In The Rhythm --Hard--; 139696.72985974036
7; My Favorite Things --Hard--; 51613.466666666696
9; NGO --Hard--; 202466.46032702088
10; NGO --Challenge--; 290233.0722761362
9; PARANOiA (HADES) --Hard--; 341842.02845691214
10; PARANOiA (HADES) --Challenge--; 554088.5151847645
9; Pluto --Hard--; 180312.20286974395
10; Pluto Relinquish --Hard--; 465294.87154606666
8; Poseidon --Hard--; 91977.79833006632
7; Raspberry Heart (English version) --Hard--; 101186.20879999985
8; Shades of Grey --Hard--; 80356.80618431354
7; STARS(Re-tuned by HAL)-DDR EDITION- --Hard--; 94351.66832826984
8; stealth --Hard--; 91186.44747252746
8; SUNKiSS DROP~Alison Side~ --Challenge--; 143638.8452380952
8; SUNKiSS DROP~jun Side~ --Challenge--; 143638.8452380952
8; SUNRISE(JASON NEVINS REMIX) --Hard--; 72366.80494390629
8; switch --Hard--; 88935.01095798299
9; TRIP MACHINE PhoeniX --Hard--; 209441.66566274507
10; TRIP MACHINE PhoeniX --Challenge--; 243085.78950274488
8; Trust -DanceDanceRevolution mix- --Hard--; 91594.24947428574
8; Two Months Off --Hard--; 100732.99555555552
9; Unreal --Hard--; 218381.26829268297
8; Uranus --Hard--; 126897.97710222195
10; Uranus --Challenge--; 183050.79314031714
7; Vem brincar --Hard--; 64768.33714285719
10; Venus --Hard--; 128207.42833832894
9; volcano --Hard--; 173099.34326490725
8; Votum stellarum -forest #25 DDR RMX- --Hard--; 122292.2281793942
8; Why not --Hard--; 111019.37777777777
8; CLUB TROPICANA --Hard--; 0
6; DON'T CLOCK ME --Hard--; 68966.19348571429
8; FREAKY --Hard--; 0
7; GET OFF --Hard--; 0
7; GET UP'N MOVE --Hard--; 0
8; HYSTERIA --Hard--; 117847.47339067623
7; I'M ALIVE --Hard--; 0
8; KUNG FU FIGHTING (MIAMI BOOTY MIX) --Hard--; 0
7; Let the beat hit em! --Hard--; 56562.34853801173
8; LOVE MACHINE --Hard--; 0
6; MY BABY MAMA --Hard--; 0
6; NONSTOP A --Hard--; 0
7; NONSTOP B --Hard--; 0
8; NONSTOP C --Hard--; 0
6; NONSTOP D --Hard--; 0
7; NONSTOP E --Hard--; 0
8; NONSTOP F --Hard--; 0
8; PARANOIA EVOLUTION --Hard--; 197020.3760671061
8; SAMBA DE JANEIRO --Hard--; 0
8; SUPER STAR --Hard--; 111298.54343150198
8; THAT'S THE WAY '98 --Hard--; 0
7; TOGETHER & FOREVER --Hard--; 0
8; CAN'T STOP FALLIN' IN LOVE --Hard--; 118683.35085538508
7; CELEBRATE NITE --Hard--; 116576.0601142858
7; DREAM A DREAM (MIAMI BOOTY MIX) --Hard--; 0
7; DRILL INSTRUCTOR (C-Jah Happy Mix) --Hard--; 0
9; DROP OUT --Hard--; 195386.8555424184
6; HIGH ENERGY (John '00' Fleming Remix) --Hard--; 0
7; I DON'T WANT TO MISS A THING (PLANET LUTION MIX) --Hard--; 0
5; I'M ALIVE --Hard--; 0
7; KISS ME (KCP REMIX) --Hard--; 0
7; Let the beat hit em! (BM IIDX version) --Hard--; 56577.7746330675
8; LOVE THIS FEELIN' --Hard--; 79875.22091258378
8; NONSTOP G --Hard--; 0
8; NONSTOP H --Hard--; 164917.69040620155
8; NONSTOP I --Hard--; 298984.46635959594
7; SEXY PLANET --Hard--; 102358.98296942329
7; SKY HIGH --Hard--; 62465.83286935272
7; STRUT YOUR FUNKY STUFF --Hard--; 0
6; TEMPLE OF LOVE --Hard--; 0
5; think ya better D --Hard--; 67705.23396000011
8; TOGETHER & FOREVER --Hard--; 0
8; TRIP MACHINE(luv mix) --Hard--; 113699.19376884603
7; TYPICAL TROPICAL --Hard--; 0
6; WILD RUSH --Hard--; 64679.84157908495
8; 30 Lives (Up-Up-Down-Dance Mix) --Hard--; 66054.44175401075
11; A Geisha's Dream --Hard--; 107683.80195804193
8; Always on My Mind --Hard--; 70040.256
10; Beautiful Inside (Cube Hard Mix) --Hard--; 62559.72107660457
9; Big Girls Don't Cry --Hard--; 68879.10512820515
10; Blue Rain --Hard--; 91390.21503296685
10; Boys (2008 X-edit) --Hard--; 70139.40685714288
5; Boys (2008 X-edit) --Challenge--; 25966.902857142843
11; Butterfly (2008 X-edit) --Hard--; 104461.74123299164
4; Butterfly (2008 X-edit) --Challenge--; 31395.08405079367
12; CANDY (X-Special) --Challenge--; 133944.32517587344
9; Chance and Dice --Hard--; 81259.68658008658
11; Dance Celebration --Hard--; 107680.69672362712
13; Dance Celebration (System 7 Remix) --Hard--; 114857.23920879113
14; Dance Dance Revolution (X-Special) --Challenge--; 120637.67458725194
9; Dance Floor --Hard--; 53250.28129032255
11; Dream Machine --Hard--; 96435.3586324786
11; DUB-I-DUB (2008 X-edit) --Hard--; 103602.14631393948
7; DUB-I-DUB (2008 X-edit) --Challenge--; 40952.941599457445
12; DYNAMITE RAVE --Hard--; 165524.98421578418
8; DYNAMITE RAVE (AIR Special) --Challenge--; 92432.16173333365
9; Feel --Hard--; 74633.49743589746
10; Flourish --Hard--; 111245.25305345624
11; GET UP'N MOVE (2008 X-edit) --Hard--; 108002.79458649791
10; Ghetto Blasta Deluxe --Hard--; 109396.06222222198
10; Happy --Hard--; 81020.41759058807
15; Healing Vision (X-Special) --Challenge--; 252761.32666917943
10; Here It Goes Again --Hard--; 122597.10880000015
15; Horatio --Hard--; 307026.7623443223
9; Inspiration --Hard--; 88004.16799999986
11; INTO YOUR HEART (Ruffage remix) --Hard--; 121760.5894736843
14; KAKUMEI (X-Special) --Challenge--; 140815.83983238076
9; Koko Soko --Hard--; 99773.04195121942
9; Lift You Up --Hard--; 60776.63299248129
11; LOVING YOU (Epidemik remix) --Hard--; 96133.79938461535
8; Make Me Cry --Hard--; 59933.09281045747
17; MAX 300 (X-Special) --Challenge--; 343277.7365294515
14; on the bounce --Hard--; 186201.38474858477
16; on the bounce --Challenge--; 244896.6332334332
13; On The Break --Hard--; 149041.56805860822
12; PARANOiA MAX~DIRTY MIX~in roulette(X-Special) --Challenge--; 185387.82042125912
12; PARANOiA(X-Special) --Challenge--; 175555.36914857125
10; Party Lights --Hard--; 69960.61404295055
11; Playa (Original Mix) --Hard--; 109895.55555555556
10; PORIRIZUMU --Hard--; 117213.85477351953
9; Put 'Em Up --Hard--; 67434.49717292549
11; Reach Up --Hard--; 103384.41904761906
10; Rin To Shite Saku Hana No Gotoku --Hard--; 115175.99545128732
13; SABER WING --Hard--; 207714.24615215725
13; SABER WING --Challenge--; 185634.13752194517
15; SABER WING (AKIRA ISHIHARA Headshot mix) --Hard--; 256086.20876770836
17; SABER WING (AKIRA ISHIHARA Headshot mix) --Challenge--; 323799.6816786321
10; SEKAI HA ODORU --Hard--; 76047.68734448752
9; Slip Out --Hard--; 49219.817198879566
10; Slip Out (bounce in beat mix) --Hard--; 51365.3924368831
9; Suki Melo --Hard--; 87459.62026266409
16; SUPER SAMURAI --Hard--; 278051.43873015884
10; Swingin' --Hard--; 80194.03636363636
8; Tabibito --Hard--; 40034.48365621374
10; Taj He Spitz --Hard--; 89710.31922077923
12; Taj He Spitz (Tommie Sunshine's Brooklyn Fire Re-Touch) --Hard--; 111230.37989868285
9; Take A Chance --Hard--; 49252.64968137168
18; The legend of MAX (X-Special) --Challenge--; 385763.0101245251
10; Ticket To Bombay --Hard--; 98582.57741689835
9; Till the lonely's gone --Hard--; 64367.24173525488
10; Tracers (4Beat Remix) --Hard--; 98415.325490196
9; Trickster --Hard--; 90267.44918907188
16; Trigger --Hard--; 312684.79847702576
18; Trigger --Challenge--; 410392.7944890826
15; TRIP MACHINE CLIMAX (X-Special) --Challenge--; 190670.92571428567
11; TRIP MACHINE(X-Special) --Challenge--; 93802.16284730205
10; U Can't Touch This --Hard--; 93486.09613504124
13; Ubertreffen --Hard--; 214365.67999999932
11; Waiting 4 u --Hard--; 138039.98539342554
11; Waiting 4 u --Challenge--; 129398.05144225764
10; We Come Alive --Hard--; 102180.68243478247
9; We've Got To Make It Tonight --Hard--; 73111.13913043488
11; will --Hard--; 92904.27536019539
13; Xmix1 (Midnight Dawn) --Hard--; 271039.0994149536
10; Xmix2 (Beats 'n Bangs) --Hard--; 139319.3159646893
13; Xmix3 (Stomp Dem Groove) --Hard--; 218718.95482783866
10; Xmix4 (Linear Momentum) --Hard--; 278962.9573704994
15; Xmix5 (Overcrush) --Hard--; 534577.226949264
11; ZERO --Hard--; 148608.36041811836
14; 888 --Hard--; 303507.7335377497
18; 888 --Challenge--; 514201.77521316946
8; A Brighter Day --Hard--; 59516.23807700618
12; A Brighter Day --Challenge--; 137740.60680089676
13; aftershock!! --Hard--; 164430.6817572504
10; All My Love --Hard--; 93290.38459680915
17; Anti-Matter --Hard--; 446209.4478650958
18; Anti-Matter --Challenge--; 600409.1360840007
10; BALLAD THE FEATHERS --Hard--; 73027.4643304858
8; BALLAD THE FEATHERS --Challenge--; 37271.80151569234
10; BALLAD THE FEATHERS (Chinese) --Hard--; 73027.4643304858
8; BALLAD THE FEATHERS (Chinese) --Challenge--; 37271.80151569234
10; Be your wings --Hard--; 59103.42795137664
9; Bonafied Lovin' --Hard--; 67174.36985896614
13; CAPTAIN JACK (GRANDALE REMIX) --Hard--; 161784.50056714064
11; CAPTAIN JACK (GRANDALE REMIX) --Challenge--; 111637.02342603801
12; CG Project --Hard--; 175891.4099883856
9; Crazy Control --Hard--; 70200.66252770144
12; Crazy Control --Challenge--; 105040.42019647038
10; DAFT PUNK IS PLAYING AT MY HOUSE --Hard--; 75975.91967398516
7; DAFT PUNK IS PLAYING AT MY HOUSE --Challenge--; 38388.66265995124
11; DAM DARIRAM --Hard--; 113077.14653230824
5; DAM DARIRAM --Challenge--; 24341.938152380935
11; Dazzlin' Darlin --Hard--; 104963.6425528889
11; Dazzlin' Darlin -Akiba Koubou mix- --Hard--; 147962.8900470958
11; Decade --Hard--; 86525.92599915908
17; deltaMAX --Hard--; 271499.1251455101
17; deltaMAX --Challenge--; 373650.06228062
11; dirty digital --Hard--; 76270.63393021969
13; dirty digital --Challenge--; 115705.1423679394
11; DROP --Hard--; 113503.65338376487
10; Dummy --Hard--; 108091.99367517071
10; ETERNITY --Hard--; 97200.9652878049
9; Everytime We Touch --Hard--; 60170.98072628577
10; EZ DO DANCE --Hard--; 62068.62222222219
8; Feel Good Inc --Hard--; 50384.07101638571
14; FIRE FIRE --Hard--; 261591.9918481518
12; Freeze --Hard--; 72094.14868776544
12; Freeze --Challenge--; 61704.50042739309
13; going up --Hard--; 221164.08746308656
11; going up --Challenge--; 133404.49334390822
13; going up (Chinese) --Hard--; 221164.08746308656
11; going up (Chinese) --Challenge--; 133404.49334390822
11; GOLD RUSH --Hard--; 123000.21948647627
11; GOLD RUSH (AC) --Hard--; 123000.21948647627
11; GOLD RUSH (CS) --Hard--; 123000.21948647627
10; Gotta Dance --Hard--; 101646.71682317679
10; Heatstroke --Hard--; 72996.3879678916
8; Heatstroke --Challenge--; 41287.75759885368
9; HERO --Hard--; 84258.16718730169
8; HERO --Challenge--; 67619.27591568268
9; Hide-away --Hard--; 62686.69870961037
8; ICE ICE BABY --Hard--; 39284.62163088122
4; ICE ICE BABY --Challenge--; 13164.17683857144
10; IF YOU WERE HERE --Hard--; 73374.30358707439
6; IF YOU WERE HERE --Challenge--; 43352.70774647622
13; IF YOU WERE HERE (L.E.D.-G STYLE REMIX) --Hard--; 165118.97106992925
12; iFUTURELIST (Chinese) --Hard--; 88091.84288128215
13; iFUTURELIST (Chinese) --Challenge--; 97538.75426071456
8; in love wit you --Hard--; 17428.72255297235
15; KIMONO PRINCESS --Hard--; 254346.3184499329
12; KISS KISS KISS Akiba Koubou MIX --Hard--; 131349.62793650792
12; La libertad --Hard--; 144576.3766088308
14; La libertad --Challenge--; 201789.7230221828
11; La receta --Hard--; 95891.6732540132
13; La receta --Challenge--; 118545.29660551996
11; Leaving --Hard--; 103830.68014484106
13; Leaving --Challenge--; 144779.13352399264
11; Leaving... (Chinese) --Hard--; 103830.68014484106
13; Leaving... (Chinese) --Challenge--; 144779.13352399264
8; Love Again --Hard--; 30888.2621216528
11; MAX LOVE --Hard--; 161296.31916376314
13; MAX LOVE --Challenge--; 257861.3550185456
11; MAX LOVE (Chinese) --Hard--; 161296.31916376314
13; MAX LOVE (Chinese) --Challenge--; 257861.3550185456
16; Mei --Hard--; 337026.93889459164
18; Mei --Challenge--; 506244.85533529794
10; Melody Life --Hard--; 129273.82047041086
11; Melody Life --Challenge--; 111201.47481142831
10; Melody Life (Chinese) --Hard--; 129273.82047041086
11; Melody Life (Chinese) --Challenge--; 111201.47481142831
10; more more more --Hard--; 63612.63607582767
17; New Decade --Hard--; 319528.4131629889
18; New Decade --Challenge--; 393113.8532862989
11; NIJIIRO (Chinese) --Hard--; 93655.41978021996
13; NIJIIRO (Chinese) --Challenge--; 171052.15975077014
10; oarfish --Hard--; 35923.542775146314
9; only my railgun --Hard--; 62350.50351999996
7; only my railgun --Challenge--; 41873.572208530044
14; Pierce The Sky --Hard--; 238496.64465679548
17; Pluto The First --Hard--; 325325.9097126813
18; Pluto The First --Challenge--; 327212.7068760466
14; Poseidon (kors k mix) --Hard--; 151823.10940695932
17; POSSESSION --Hard--; 390794.3613701727
18; POSSESSION --Challenge--; 473345.9672451372
8; real-high-SPEED --Hard--; 67599.1352755272
11; resonance --Hard--; 127805.38265040971
15; roppongi EVOLVED ver. A --Hard--; 286637.32515978825
15; roppongi EVOLVED ver. B --Hard--; 252101.0904361905
15; roppongi EVOLVED ver. C --Hard--; 267756.8763670051
15; roppongi EVOLVED ver. D --Hard--; 306506.1315086768
11; Sacred Oath --Hard--; 102308.42803447624
12; Sacred Oath --Challenge--; 143396.46742745652
10; sakura storm --Hard--; 106668.7643562395
13; sakura storm --Challenge--; 200332.41621935507
14; Sakura Sunrise --Hard--; 191079.54140859464
11; Second Heaven --Hard--; 137671.74975157445
14; Second Heaven --Challenge--; 238281.89871364133
11; She is my wife --Hard--; 125609.92642661207
7; Shine --Hard--; 51980.20832536497
11; Shine --Challenge--; 72627.56515077136
11; shining --Hard--; 139620.16656215853
14; Shiny World --Hard--; 190613.19558592275
11; Sky Is The Limit --Hard--; 72322.39769119772
12; smooooch --Hard--; 175659.4389730453
10; smooooch --Challenge--; 105360.33835156001
9; someday --Hard--; 86284.60112761914
12; Super Driver --Hard--; 162120.87558583042
11; SUPER EUROBEAT (GOLD MIX) --Hard--; 97681.469767819
8; Taking It To The Sky --Hard--; 57334.851010459635
11; TENSHI --Hard--; 107152.11806777437
12; Theory of Eternity --Hard--; 171038.75047619035
10; Theory of Eternity --Challenge--; 77628.03809523812
11; THIS NIGHT --Hard--; 126031.04226375246
11; Time After Time --Hard--; 91069.94061174511
18; Valkyrie dimension --Hard--; 448406.79543290904
19; Valkyrie dimension --Challenge--; 706324.3092216696
16; VANESSA --Hard--; 347742.36820888746
13; WH1TE RO5E --Hard--; 157076.06288104097
13; What Will Come of Me --Hard--; 155089.81273930127
13; YELLOW CANDY --Hard--; 301485.9069535978
12; You are a Star --Hard--; 118254.15888125804
13; You are a Star --Challenge--; 140105.78947027956
10; Your Angel --Hard--; 131997.59998105015
15; ZETA --Hard--; 327873.8005637706
14; Amalgamation --Hard--; 196001.78986842345
15; Amalgamation --Challenge--; 272877.9507562796
15; CRAZY LOVE --Hard--; 269810.5194933724
13; FLOWER --Hard--; 180955.89190911985
17; FLOWER --Challenge--; 297043.4131627507
14; Haunted Rhapsody --Hard--; 147449.17646739347
14; London EVOLVED ver.A --Hard--; 229220.23842165174
17; London EVOLVED ver.A --Challenge--; 366050.240553053
15; NEPHILIM DELTA --Hard--; 359136.6082109902
16; New York EVOLVED (Type A) --Hard--; 335308.0870418475
16; New York EVOLVED (Type B) --Hard--; 316351.2968253971
16; New York EVOLVED (Type C) --Hard--; 276386.67982684035
16; osaka EVOLVED -MAIDO, OHKINI!- (TYPE1) --Hard--; 234785.82628571475
16; osaka EVOLVED -MAIDO, OHKINI!- (TYPE2) --Hard--; 239024.2857142857
16; osaka EVOLVED -MAIDO, OHKINI!- (TYPE3) --Hard--; 218880.67872761906
18; PARANOiA Revolution --Hard--; 544911.0958605888
19; PARANOiA Revolution --Challenge--; 684925.5935948372
12; Programmed Universe --Hard--; 149508.25758480772
13; REVOLUTIONARY ADDICT --Hard--; 196612.2422933159
15; SILVER DREAM --Hard--; 260500.38367111105
17; Tohoku EVOLVED --Hard--; 512529.4472283276
18; Tohoku EVOLVED --Challenge--; 590227.0525285336
16; tokyoEVOLVED (TYPE1) --Hard--; 371573.28484210756
16; tokyoEVOLVED (TYPE2) --Hard--; 367808.86835725926
16; tokyoEVOLVED (TYPE3) --Hard--; 339495.6363087739
11; TWINKLE HEART --Hard--; 109006.92670290942
10; TWINKLE HEART --Challenge--; 97868.42770562765
15; UNBELIEVABLE (Sparky remix) --Hard--; 233738.1009589511
